emp_no,first_name,birth_date,from_date,title
10095,Hilari,1965-01-03,1994-03-10,9999-01-01
10122,Ohad,1965-01-19,1998-08-06,9999-01-01
10291,Dipayan,1965-01-23,1987-03-30,9999-01-01
10476,Kokou,1965-01-01,1987-09-20,9999-01-01
10663,Teunis,1965-01-09,1999-02-12,9999-01-01
10762,Lech,1965-01-19,1992-01-21,9999-01-01
10933,Juyoung,1965-01-24,1993-08-02,9999-01-01
12155,Keiichiro,1965-01-21,1993-09-16,9999-01-01
12408,Rasiah,1965-01-10,1995-04-18,9999-01-01
12643,Morrie,1965-01-30,1998-12-31,9999-01-01
13499,Kazuhiko,1965-01-16,1991-09-01,9999-01-01
14075,Denny,1965-01-03,1991-05-30,9999-01-01
14104,Sudhanshu,1965-01-03,1994-07-23,9999-01-01
14127,Magdalena,1965-01-10,1994-04-22,9999-01-01
14158,Caolyn,1965-01-22,1990-02-06,9999-01-01
14476,Sastry,1965-01-19,1999-09-25,9999-01-01
14907,Nakhoon,1965-01-14,1986-12-18,9999-01-01
15050,Nikolaos,1965-01-18,1990-12-17,9999-01-01
15058,Bouchung,1965-01-30,1990-06-18,9999-01-01
15413,Arvin,1965-01-17,1994-01-01,9999-01-01
16461,Remmert,1965-01-14,1986-09-06,9999-01-01
16528,Gaurav,1965-01-21,1996-05-07,9999-01-01
17013,Morris,1965-01-15,1995-05-24,9999-01-01
17206,Berry,1965-01-02,1992-12-27,9999-01-01
17369,Yaghout,1965-01-31,2000-09-15,9999-01-01
17447,Zengping,1965-01-11,1998-12-16,9999-01-01
17731,Gennady,1965-01-16,1989-12-06,9999-01-01
17970,Filipp,1965-01-06,1989-01-09,9999-01-01
17988,Mabhin,1965-01-31,1989-11-30,9999-01-01
18021,Adil,1965-01-07,1987-05-08,9999-01-01
18424,Filipp,1965-01-19,1995-06-07,9999-01-01
18583,Stafford,1965-01-03,1998-08-16,9999-01-01
18617,Surveyors,1965-01-21,1989-04-24,9999-01-01
18810,Taiji,1965-01-09,1991-06-27,9999-01-01
19236,Elzbieta,1965-01-24,1988-07-12,9999-01-01
19350,Satoru,1965-01-19,1994-03-27,9999-01-01
19803,Ziva,1965-01-30,1987-06-13,9999-01-01
20100,Utz,1965-01-18,1986-06-15,9999-01-01
20128,Kazunori,1965-01-23,1999-08-13,9999-01-01
20129,Rafael,1965-01-10,1991-03-28,9999-01-01
20248,Vidar,1965-01-12,1999-12-31,9999-01-01
20313,Candida,1965-01-24,1999-01-20,9999-01-01
20500,Christoph,1965-01-30,1993-10-15,9999-01-01
20885,Otmar,1965-01-21,1989-03-14,9999-01-01
21181,Jianhui,1965-01-21,1991-10-06,9999-01-01
21188,Piyush,1965-01-21,2000-01-08,9999-01-01
21546,Yongmin,1965-01-01,2002-03-19,9999-01-01
21843,Karsten,1965-01-09,1985-11-29,9999-01-01
21909,Mohammed,1965-01-04,1991-12-28,9999-01-01
22185,Huai,1965-01-29,2002-06-12,9999-01-01
22415,Perla,1965-01-20,1994-08-24,9999-01-01
22451,Jasminko,1965-01-27,1994-01-19,9999-01-01
22455,Barry,1965-01-06,1990-11-16,9999-01-01
22926,Manibrata,1965-01-01,1988-01-15,9999-01-01
23396,Hilari,1965-01-02,1986-12-15,9999-01-01
24080,Jaana,1965-01-26,1996-03-11,9999-01-01
24205,Roddy,1965-01-25,1993-09-19,9999-01-01
24377,Lubomir,1965-01-25,1993-07-25,9999-01-01
24394,Zhonghui,1965-01-04,1994-09-10,9999-01-01
24553,Anwar,1965-01-12,1987-01-30,9999-01-01
24571,Cordelia,1965-01-20,1989-03-14,9999-01-01
25488,Ingmar,1965-01-19,1991-11-09,9999-01-01
26629,Nevin,1965-01-28,1998-12-14,9999-01-01
26671,Jiakeng,1965-01-21,1994-12-25,9999-01-01
26788,Zongyan,1965-01-25,1988-04-23,9999-01-01
27331,Wanqing,1965-01-19,1991-01-22,9999-01-01
27378,Piyawadee,1965-01-28,1999-02-25,9999-01-01
27620,Shuji,1965-01-25,1990-03-02,9999-01-01
27686,Manu,1965-01-28,1998-03-03,9999-01-01
27699,Falguni,1965-01-15,1996-12-23,9999-01-01
27767,Tooru,1965-01-27,1993-11-21,9999-01-01
28193,Xinglin,1965-01-29,1988-12-14,9999-01-01
28974,Chenxi,1965-01-09,1986-09-02,9999-01-01
28988,Tua,1965-01-18,1998-09-09,9999-01-01
29130,Xumin,1965-01-06,1998-04-26,9999-01-01
29265,Gilbert,1965-01-14,1988-03-21,9999-01-01
29380,Satoru,1965-01-30,1998-05-02,9999-01-01
29418,Valery,1965-01-22,1998-07-01,9999-01-01
29679,Kolar,1965-01-17,1986-10-18,9999-01-01
29782,Jouko,1965-01-29,2000-10-23,9999-01-01
29954,Pranay,1965-01-27,1992-09-29,9999-01-01
30007,Kousuke,1965-01-24,1990-02-23,9999-01-01
30035,Tetsushi,1965-01-08,1995-07-04,9999-01-01
30154,Mayuko,1965-01-26,1999-04-19,9999-01-01
30182,Leon,1965-01-26,1985-12-08,9999-01-01
30465,Randi,1965-01-28,1986-07-16,9999-01-01
30484,Sailaja,1965-01-11,1999-05-18,9999-01-01
30695,Gudjon,1965-01-08,1999-10-26,9999-01-01
30938,Yakkov,1965-01-06,1997-10-10,9999-01-01
31147,Divine,1965-01-04,1989-07-05,9999-01-01
31188,Leandro,1965-01-12,1993-02-03,9999-01-01
31207,Abdelwaheb,1965-01-30,1993-08-05,9999-01-01
31341,Oksana,1965-01-01,1991-03-23,9999-01-01
31514,Harngdar,1965-01-13,1996-11-09,9999-01-01
31568,Mark,1965-01-10,1996-11-24,9999-01-01
31909,Murthy,1965-01-10,2000-10-30,9999-01-01
32347,Terresa,1965-01-08,1990-09-15,9999-01-01
32552,Atreye,1965-01-17,1993-09-10,9999-01-01
32649,Ingmar,1965-01-12,1988-06-10,9999-01-01
32714,Radoslaw,1965-01-16,2001-09-18,9999-01-01
32844,Tadahiko,1965-01-23,1995-01-07,9999-01-01
33025,Jessie,1965-01-12,1999-12-16,9999-01-01
33215,Steen,1965-01-29,1993-02-14,9999-01-01
33722,Anwar,1965-01-15,2001-02-03,9999-01-01
34077,Angel,1965-01-08,1988-11-16,9999-01-01
34261,Kyoichi,1965-01-05,1990-12-30,9999-01-01
34446,Chinhyun,1965-01-31,1986-12-19,9999-01-01
34452,Naftaly,1965-01-08,1991-05-10,9999-01-01
34505,Felicidad,1965-01-28,1994-09-06,9999-01-01
34533,Erzsebet,1965-01-10,1995-01-16,9999-01-01
34780,Moni,1965-01-16,2001-09-18,9999-01-01
34788,Ennio,1965-01-27,1994-08-31,9999-01-01
34936,Bokyung,1965-01-12,1991-02-12,9999-01-01
35044,Jiang,1965-01-04,1989-05-27,9999-01-01
35087,Leif,1965-01-17,1994-10-14,9999-01-01
35441,Chandrasekaran,1965-01-31,1990-09-17,9999-01-01
35642,Ashish,1965-01-30,1999-02-28,9999-01-01
35793,Oscar,1965-01-01,1991-05-11,9999-01-01
35798,Ulf,1965-01-29,1997-03-15,9999-01-01
36521,Serif,1965-01-21,1987-03-06,9999-01-01
36626,Fen,1965-01-02,1986-05-09,9999-01-01
36733,Uma,1965-01-04,1997-11-01,9999-01-01
36844,Hailing,1965-01-01,2000-01-12,9999-01-01
36982,Kotesh,1965-01-22,1992-06-23,9999-01-01
37070,Jeong,1965-01-22,1985-02-13,9999-01-01
37945,Suzette,1965-01-02,1994-02-19,9999-01-01
38043,Michaela,1965-01-05,1985-11-23,9999-01-01
38103,Masasuke,1965-01-12,1988-03-31,9999-01-01
38168,Fumiko,1965-01-14,1987-08-15,9999-01-01
38550,JoAnne,1965-01-14,1987-02-16,9999-01-01
38593,Huei,1965-01-14,1986-06-04,9999-01-01
38947,Shuichi,1965-01-25,1998-04-08,9999-01-01
39000,Martijn,1965-01-08,1997-03-03,9999-01-01
39036,Changho,1965-01-08,1996-05-04,9999-01-01
39301,Rimon,1965-01-07,1992-02-06,9999-01-01
39341,Mahmut,1965-01-01,1985-05-11,9999-01-01
39952,Otmar,1965-01-02,1998-07-22,9999-01-01
40269,Toshiki,1965-01-10,1991-12-05,9999-01-01
40283,Sudhanshu,1965-01-07,1985-05-11,9999-01-01
40301,Spyrose,1965-01-20,1997-10-20,9999-01-01
40536,Harngdar,1965-01-20,1988-02-29,9999-01-01
40765,Michaela,1965-01-01,1992-12-21,9999-01-01
40773,Shimshon,1965-01-09,1986-04-13,9999-01-01
40983,Marla,1965-01-17,1986-12-01,9999-01-01
41114,Petter,1965-01-25,1995-12-24,9999-01-01
41137,Bikash,1965-01-20,1996-01-08,9999-01-01
41357,Willard,1965-01-06,1997-03-04,9999-01-01
41518,Keung,1965-01-11,2001-02-08,9999-01-01
41520,Xiong,1965-01-20,1988-03-21,9999-01-01
41609,Yucai,1965-01-04,1987-10-13,9999-01-01
42778,Shuji,1965-01-19,1987-12-18,9999-01-01
42911,Brigham,1965-01-29,1994-10-08,9999-01-01
42950,Shaleah,1965-01-22,1993-10-09,9999-01-01
42955,Yucel,1965-01-12,1995-02-21,9999-01-01
43154,Maha,1965-01-13,1997-07-04,9999-01-01
43733,Huei,1965-01-26,1993-12-31,9999-01-01
43848,Phillip,1965-01-11,1999-05-26,9999-01-01
44054,Alenka,1965-01-18,1997-02-09,9999-01-01
44265,Maria,1965-01-24,1997-01-30,9999-01-01
44540,Mingzeng,1965-01-16,1989-11-12,9999-01-01
44900,Mark,1965-01-05,1994-08-10,9999-01-01
44959,Volkmar,1965-01-21,1988-01-16,9999-01-01
44962,Sariel,1965-01-16,1996-05-18,9999-01-01
45162,Dulce,1965-01-11,1987-10-19,9999-01-01
46000,Zhaofang,1965-01-26,1997-07-24,9999-01-01
46328,Wuxu,1965-01-05,1997-01-27,9999-01-01
46811,Junsik,1965-01-10,1988-04-27,9999-01-01
46834,Tooru,1965-01-22,1998-03-20,9999-01-01
46943,Pasqua,1965-01-31,1993-12-06,9999-01-01
47016,Toong,1965-01-03,1989-03-01,9999-01-01
47139,Marco,1965-01-25,1996-10-29,9999-01-01
47262,Gonzalo,1965-01-10,1985-08-16,9999-01-01
47515,Naraig,1965-01-26,1987-01-18,9999-01-01
47702,Juyoung,1965-01-21,1991-08-12,9999-01-01
47708,Edwin,1965-01-05,1995-07-12,9999-01-01
48275,Sariel,1965-01-29,1987-11-20,9999-01-01
48690,Hitomi,1965-01-12,1999-09-27,9999-01-01
48882,Leen,1965-01-28,1993-06-07,9999-01-01
48904,Yuichiro,1965-01-23,1994-03-07,9999-01-01
48947,Filipp,1965-01-05,1992-05-20,9999-01-01
49010,Kazuhisa,1965-01-16,1990-03-30,9999-01-01
49017,Filipp,1965-01-07,1990-11-26,9999-01-01
49119,Lena,1965-01-09,1991-05-16,9999-01-01
49177,Tze,1965-01-03,1999-03-09,9999-01-01
49464,Siddarth,1965-01-14,1999-09-10,9999-01-01
49477,Baocai,1965-01-14,1998-08-05,9999-01-01
50293,Xinan,1965-01-26,1996-10-08,9999-01-01
50311,Mooi,1965-01-24,1996-10-06,9999-01-01
50453,Aron,1965-01-12,1997-10-02,9999-01-01
50670,Boguslaw,1965-01-30,1985-02-20,9999-01-01
50831,Marie,1965-01-06,1996-06-11,9999-01-01
51036,Chriss,1965-01-29,1995-05-23,9999-01-01
51057,Theirry,1965-01-29,1991-09-27,9999-01-01
51060,Youngkon,1965-01-15,1989-10-20,9999-01-01
51142,Rosine,1965-01-29,1986-01-31,9999-01-01
52038,Chikako,1965-01-13,1985-05-18,9999-01-01
52040,Phule,1965-01-14,1996-12-08,9999-01-01
52283,Trygve,1965-01-20,1994-03-11,9999-01-01
52386,Adas,1965-01-28,1986-05-30,9999-01-01
52590,Jouni,1965-01-21,1996-10-07,9999-01-01
52599,Augustine,1965-01-25,1994-01-13,9999-01-01
52639,Arup,1965-01-09,1996-02-05,9999-01-01
52770,Shugo,1965-01-31,1992-08-28,9999-01-01
52778,Alain,1965-01-15,1986-05-03,9999-01-01
52956,Khalil,1965-01-31,1998-11-24,9999-01-01
52970,Lobel,1965-01-22,1988-03-17,9999-01-01
53278,Premsyl,1965-01-31,1993-02-01,9999-01-01
53314,Eberhardt,1965-01-06,1999-02-23,9999-01-01
53431,Sham,1965-01-12,1993-05-24,9999-01-01
53499,Zdislav,1965-01-20,1994-09-11,9999-01-01
53597,Jiafu,1965-01-30,1985-03-02,9999-01-01
53874,Bodo,1965-01-23,1986-02-14,9999-01-01
53924,Arnould,1965-01-27,1991-01-23,9999-01-01
54198,Shaowen,1965-01-01,1986-01-06,9999-01-01
54632,Etsuo,1965-01-19,1989-06-14,9999-01-01
54795,Sumant,1965-01-29,1994-03-02,9999-01-01
54800,Breannda,1965-01-13,2000-01-27,9999-01-01
55640,Adit,1965-01-25,1993-07-16,9999-01-01
55687,Shih,1965-01-02,1995-03-29,9999-01-01
55799,Jianwen,1965-01-23,1987-06-17,9999-01-01
55857,Adin,1965-01-18,1987-09-15,9999-01-01
56105,Makato,1965-01-11,1989-04-16,9999-01-01
56209,Remzi,1965-01-19,1992-12-01,9999-01-01
56415,Sigeru,1965-01-30,1991-10-24,9999-01-01
56428,Olivera,1965-01-27,1986-11-10,9999-01-01
56682,Roded,1965-01-28,1993-11-06,9999-01-01
56829,Nagui,1965-01-09,1997-06-14,9999-01-01
56847,Menkae,1965-01-14,1998-08-27,9999-01-01
57934,Sanjoy,1965-01-25,1989-12-27,9999-01-01
58141,Bezalel,1965-01-05,1994-09-27,9999-01-01
58147,Shigenori,1965-01-09,1988-02-24,9999-01-01
58384,Mariusz,1965-01-22,1993-11-14,9999-01-01
58454,Ziya,1965-01-25,1999-06-29,9999-01-01
58497,Yechiam,1965-01-22,2000-10-21,9999-01-01
58819,Gennady,1965-01-04,1987-12-02,9999-01-01
58990,Palash,1965-01-04,1998-11-18,9999-01-01
59195,Ronnie,1965-01-08,1990-06-19,9999-01-01
59640,Zita,1965-01-18,1999-01-26,9999-01-01
59869,Zsolt,1965-02-01,1987-09-25,9999-01-01
59966,Steen,1965-01-28,1993-02-03,9999-01-01
60000,Heekeun,1965-01-16,1995-09-23,9999-01-01
60091,Surveyors,1965-02-01,1990-04-11,9999-01-01
60238,Erzsebet,1965-01-23,1999-02-19,9999-01-01
60559,Jeanna,1965-01-19,1988-08-29,9999-01-01
60821,Moty,1965-01-02,1991-09-03,9999-01-01
60845,Bedir,1965-01-14,1997-05-13,9999-01-01
60875,Rildo,1965-01-21,1990-01-14,9999-01-01
60959,Tetsushi,1965-01-09,1989-10-19,9999-01-01
61147,Leszek,1965-01-30,1999-03-03,9999-01-01
61253,Cheong,1965-01-09,2002-05-09,9999-01-01
61377,Dannz,1965-01-01,1997-04-13,9999-01-01
61541,Kasidit,1965-01-08,1993-08-17,9999-01-01
61873,Woody,1965-01-19,1993-02-26,9999-01-01
62033,Heeju,1965-01-24,1987-01-15,9999-01-01
62046,Karlis,1965-01-31,1992-09-19,9999-01-01
62245,Adel,1965-01-01,1995-08-30,9999-01-01
63294,Tetsushi,1965-01-23,1997-03-01,9999-01-01
63419,Hiroyasu,1965-01-14,1989-03-05,9999-01-01
63441,Hinrich,1965-01-15,1999-04-04,9999-01-01
63566,Heekeun,1965-01-31,1999-01-12,9999-01-01
63631,Falguni,1965-01-22,1987-10-15,9999-01-01
63706,Sedat,1965-01-26,1997-07-31,9999-01-01
64023,Laurentiu,1965-01-11,1999-11-08,9999-01-01
64209,Golgen,1965-01-24,1988-02-26,9999-01-01
64487,Tsutomu,1965-01-27,1986-09-17,9999-01-01
64532,Atilio,1965-01-23,1990-11-29,9999-01-01
64632,Zsolt,1965-01-07,1996-02-21,9999-01-01
64790,Shin,1965-01-29,1985-04-19,9999-01-01
64828,Krister,1965-01-27,1999-09-30,9999-01-01
64984,Eldridge,1965-01-06,1994-08-04,9999-01-01
65171,Jeane,1965-01-25,1994-07-06,9999-01-01
65539,Aksel,1965-01-23,1991-01-27,9999-01-01
65883,Patricia,1965-01-07,1991-04-19,9999-01-01
65998,Mandell,1965-01-09,1989-04-08,9999-01-01
66382,Domenico,1965-01-04,1997-07-13,9999-01-01
66530,Dung,1965-01-29,1998-04-04,9999-01-01
66643,Jianhao,1965-01-18,1996-08-26,9999-01-01
66702,Deniz,1965-02-01,1994-09-27,9999-01-01
66757,Yonghong,1965-01-16,1999-04-10,9999-01-01
66807,Aiman,1965-01-21,1990-05-22,9999-01-01
67320,Sadok,1965-01-18,1987-05-10,9999-01-01
67548,Fumitaka,1965-01-11,1998-06-27,9999-01-01
67934,Aiman,1965-01-07,1985-03-07,9999-01-01
68416,Munenori,1965-01-27,1990-11-08,9999-01-01
68608,Yucai,1965-01-26,1989-06-09,9999-01-01
68633,Chinhyun,1965-01-28,1993-07-29,9999-01-01
68648,Jaques,1965-01-25,1992-04-01,9999-01-01
69052,Shietung,1965-01-26,1995-08-05,9999-01-01
69219,Shuky,1965-01-09,1994-11-19,9999-01-01
69867,Miyeon,1965-01-22,1991-04-09,9999-01-01
69878,Chinya,1965-01-24,1997-01-29,9999-01-01
69936,Lalit,1965-01-23,1999-01-31,9999-01-01
70469,Tru,1965-01-12,1990-09-03,9999-01-01
70990,Arumugam,1965-01-22,1990-03-23,9999-01-01
71066,Domenick,1965-01-27,1996-01-05,9999-01-01
71141,Sajjad,1965-01-02,1992-02-17,9999-01-01
71188,Pranjal,1965-01-02,1986-12-14,9999-01-01
71243,Kinh,1965-01-10,1986-03-29,9999-01-01
71334,Cathie,1965-01-15,2001-03-04,9999-01-01
71685,Kristinn,1965-01-01,1989-10-03,9999-01-01
71710,Hitomi,1965-01-31,1997-12-15,9999-01-01
71745,Adil,1965-01-02,1992-05-13,9999-01-01
72190,Sajjad,1965-01-19,1999-09-13,9999-01-01
72194,Feiyu,1965-01-26,1998-10-01,9999-01-01
72232,Naraig,1965-01-10,1989-07-10,9999-01-01
72640,Honglan,1965-01-24,1993-10-04,9999-01-01
72918,Takahira,1965-01-22,1988-01-16,9999-01-01
73076,Froduald,1965-01-22,1993-03-16,9999-01-01
73233,Shigeo,1965-01-15,1985-07-30,9999-01-01
73516,Qingxiang,1965-01-14,1989-06-25,9999-01-01
73743,Anneke,1965-01-15,2000-10-15,9999-01-01
74200,Holgard,1965-01-16,1991-09-24,9999-01-01
74344,Hiroyasu,1965-02-01,1994-11-25,9999-01-01
74668,Masako,1965-01-01,1987-04-09,9999-01-01
74800,Yuuichi,1965-01-25,1989-03-08,9999-01-01
75354,Shuky,1965-01-11,1986-06-16,9999-01-01
75703,Kyoichi,1965-01-08,1996-07-25,9999-01-01
76189,Kolar,1965-01-02,1986-10-20,9999-01-01
76201,Arif,1965-01-10,1992-04-02,9999-01-01
76640,Tristan,1965-01-02,1994-07-13,9999-01-01
77030,Faiza,1965-01-02,1986-03-02,9999-01-01
77303,Xinglin,1965-01-18,1992-03-05,9999-01-01
77647,Niranjan,1965-01-07,1989-11-05,9999-01-01
77815,Ronghao,1965-01-21,1993-06-09,9999-01-01
78106,Ashish,1965-01-09,2000-01-17,9999-01-01
78363,Susumu,1965-01-03,1998-06-23,9999-01-01
78469,Leucio,1965-01-28,1997-08-22,9999-01-01
78871,Conor,1965-01-15,1985-05-25,9999-01-01
79043,Katsuo,1965-01-24,1999-11-07,9999-01-01
79171,Guiseppe,1965-01-19,1991-01-12,9999-01-01
79310,Jeong,1965-01-24,1996-10-27,9999-01-01
79606,Arnd,1965-01-03,1986-12-11,9999-01-01
79763,Sanjoy,1965-01-20,1988-04-09,9999-01-01
79895,Fei,1965-01-30,1986-01-19,9999-01-01
80067,Kazuhisa,1965-01-19,1985-11-09,9999-01-01
80203,Shakhar,1965-01-22,1993-12-01,9999-01-01
80432,Stella,1965-01-17,1990-03-14,9999-01-01
80731,Shaowen,1965-01-25,1987-12-05,9999-01-01
80850,Koldo,1965-02-01,1995-04-16,9999-01-01
80889,Shigeo,1965-01-07,1985-07-30,9999-01-01
80948,Harjit,1965-01-27,1991-05-24,9999-01-01
81105,Jaewon,1965-01-14,1992-05-24,9999-01-01
81545,Larisa,1965-01-13,2000-02-07,9999-01-01
81644,Divine,1965-01-05,1997-11-28,9999-01-01
81995,Sreekrishna,1965-01-10,1990-03-22,9999-01-01
82069,Yechezkel,1965-01-20,1994-11-03,9999-01-01
82098,Poornachandra,1965-01-25,1991-04-20,9999-01-01
82351,Stevo,1965-01-26,1989-10-27,9999-01-01
82511,Uwe,1965-01-27,1998-04-04,9999-01-01
82919,Shigeu,1965-01-05,1998-12-19,9999-01-01
82928,Alselm,1965-01-27,1990-11-16,9999-01-01
83280,Francesca,1965-01-07,1999-08-08,9999-01-01
83289,Shigeichiro,1965-01-09,1994-01-09,9999-01-01
83509,Breannda,1965-01-04,1989-10-12,9999-01-01
83544,Leaf,1965-01-18,1994-09-05,9999-01-01
83714,Ohad,1965-01-27,2000-10-10,9999-01-01
83805,Manohar,1965-01-23,1987-03-11,9999-01-01
83941,Zsolt,1965-01-11,1996-10-08,9999-01-01
84029,Babette,1965-01-27,1997-09-21,9999-01-01
84179,Shuichi,1965-01-25,1989-03-14,9999-01-01
84236,Eberhardt,1965-01-18,1987-06-04,9999-01-01
84315,Kristina,1965-01-23,1996-09-26,9999-01-01
84451,Shiv,1965-01-20,1998-06-14,9999-01-01
84508,Tommaso,1965-01-17,1998-05-02,9999-01-01
84840,Sverrir,1965-01-14,1996-11-03,9999-01-01
84922,Parke,1965-01-22,1996-07-01,9999-01-01
84942,Shin,1965-01-15,1988-02-23,9999-01-01
85216,Ferdinand,1965-01-18,1997-07-08,9999-01-01
85288,Younwoo,1965-01-06,1998-12-08,9999-01-01
85414,Chiradeep,1965-01-14,1999-07-30,9999-01-01
85445,Yongdong,1965-01-09,1998-03-17,9999-01-01
85702,Udi,1965-01-04,1997-08-15,9999-01-01
85874,Pasqua,1965-01-30,1986-06-23,9999-01-01
86213,Kristine,1965-01-28,1993-06-01,9999-01-01
86354,Ronghao,1965-01-27,1993-09-13,9999-01-01
86422,Jaewon,1965-02-01,1985-09-14,9999-01-01
86546,Oldrich,1965-01-09,1985-05-15,9999-01-01
86655,Zhenhua,1965-01-01,1995-08-21,9999-01-01
86672,JoAnne,1965-01-15,1995-09-15,9999-01-01
87129,Keung,1965-01-16,1997-04-13,9999-01-01
87353,Quingbo,1965-01-07,1999-01-17,9999-01-01
87714,Khun,1965-01-16,1989-09-13,9999-01-01
87729,Yongmin,1965-01-24,1986-12-10,9999-01-01
87783,Conor,1965-01-26,1988-02-24,9999-01-01
88103,Goo,1965-01-09,1999-01-31,9999-01-01
88411,Lena,1965-01-31,2000-01-28,9999-01-01
88422,Jungsoon,1965-01-28,1985-04-03,9999-01-01
88647,Vasiliy,1965-01-10,1995-08-09,9999-01-01
88958,Vojin,1965-01-22,1995-07-23,9999-01-01
88965,Mang,1965-01-20,1995-05-22,9999-01-01
89048,Otmar,1965-01-24,1985-03-23,9999-01-01
89090,Tetsushi,1965-01-26,1990-02-01,9999-01-01
89161,Conal,1965-01-07,1991-01-12,9999-01-01
89207,Along,1965-01-15,1992-10-16,9999-01-01
89346,Mansur,1965-01-13,1999-08-31,9999-01-01
89590,Guther,1965-01-27,1991-08-08,9999-01-01
89664,Pranjal,1965-01-20,1998-07-07,9999-01-01
89680,Aiman,1965-01-27,1988-05-01,9999-01-01
89806,Xiadong,1965-01-27,1997-05-24,9999-01-01
89922,Alexius,1965-01-26,1988-04-24,9999-01-01
89941,Arnould,1965-01-23,1989-07-28,9999-01-01
90077,Vivian,1965-01-24,1991-07-08,9999-01-01
90084,Renny,1965-01-01,1989-11-22,9999-01-01
90211,Bader,1965-01-15,1997-10-06,9999-01-01
90292,Koichi,1965-01-09,1990-05-26,9999-01-01
90518,Fumiko,1965-01-24,1988-01-28,9999-01-01
90614,Yonghoan,1965-01-29,1988-09-23,9999-01-01
90692,Rajmohan,1965-01-03,1985-09-14,9999-01-01
91172,Kazuhisa,1965-01-19,1987-07-16,9999-01-01
91182,Lucien,1965-01-04,1988-08-25,9999-01-01
91229,Yahiko,1965-01-01,1996-10-03,9999-01-01
91256,Gunilla,1965-01-13,1998-01-09,9999-01-01
91333,Lobel,1965-01-27,1998-11-29,9999-01-01
91415,Jamaludin,1965-01-04,1987-01-15,9999-01-01
91648,Dmitry,1965-01-29,1988-10-22,9999-01-01
92438,Aria,1965-01-04,1992-04-11,9999-01-01
92454,Visit,1965-01-24,1987-10-22,9999-01-01
92577,Zhanqiu,1965-01-06,1999-01-10,9999-01-01
92598,Ranga,1965-01-18,1996-05-11,9999-01-01
92685,Mang,1965-01-26,1995-06-07,9999-01-01
92841,Claude,1965-01-22,1993-08-04,9999-01-01
92846,Anyuan,1965-01-11,1986-09-05,9999-01-01
92920,Huei,1965-01-20,1993-01-28,9999-01-01
93040,Jaques,1965-01-19,1992-03-13,9999-01-01
93220,Richara,1965-01-11,1996-08-27,9999-01-01
93278,Magdalena,1965-02-01,1997-01-04,9999-01-01
93549,Arie,1965-02-01,2000-03-28,9999-01-01
93600,Kristina,1965-01-13,1988-04-18,9999-01-01
94331,Ramzi,1965-01-26,1999-09-03,9999-01-01
94416,Aran,1965-01-01,2001-11-20,9999-01-01
94761,Hitofumi,1965-01-27,1988-11-22,9999-01-01
94944,Heping,1965-01-13,1988-06-24,9999-01-01
95181,Yishai,1965-01-28,1997-01-30,9999-01-01
95286,Kristin,1965-01-18,1989-08-23,9999-01-01
95314,Rasiah,1965-01-22,1991-08-21,9999-01-01
95406,Alair,1965-01-08,1997-07-12,9999-01-01
95416,Gianluca,1965-01-13,1993-11-29,9999-01-01
95509,Kristinn,1965-01-11,1995-02-08,9999-01-01
95920,Nobuyoshi,1965-01-19,1994-09-07,9999-01-01
96571,Kokou,1965-01-13,1997-11-05,9999-01-01
96579,Mohan,1965-01-18,1996-02-10,9999-01-01
96767,Arumugam,1965-01-07,1985-08-14,9999-01-01
97018,Jeanna,1965-01-09,1989-01-01,9999-01-01
97623,Haldon,1965-01-25,1990-09-11,9999-01-01
97661,Avishai,1965-01-31,1993-05-08,9999-01-01
98288,Sumali,1965-01-12,1989-09-12,9999-01-01
98306,Ziya,1965-01-16,1999-06-24,9999-01-01
98639,Florina,1965-01-29,1996-05-18,9999-01-01
99057,Shugo,1965-01-30,1999-06-21,9999-01-01
99373,Xiaobin,1965-01-13,1985-12-25,9999-01-01
99377,Carrsten,1965-01-18,1991-06-16,9999-01-01
99590,Dhritiman,1965-01-24,1998-12-16,9999-01-01
99654,Mahendra,1965-01-30,1985-09-28,9999-01-01
100865,Hisao,1965-01-19,1990-10-03,9999-01-01
100916,Heejo,1965-01-18,1992-04-22,9999-01-01
101487,Abdelaziz,1965-01-14,1991-01-31,9999-01-01
101647,Mori,1965-01-22,1994-05-10,9999-01-01
101902,Mantis,1965-01-14,1991-03-18,9999-01-01
102620,Adin,1965-01-03,1999-08-12,9999-01-01
103196,Djenana,1965-01-16,1988-07-16,9999-01-01
103310,Visit,1965-01-07,1995-10-02,9999-01-01
103316,Susanne,1965-01-03,1994-07-27,9999-01-01
103342,Beshir,1965-01-03,1998-02-03,9999-01-01
103756,Heping,1965-01-31,1992-04-08,9999-01-01
104133,Pranjal,1965-01-31,1991-07-03,9999-01-01
104845,Werner,1965-01-29,1992-06-17,9999-01-01
104988,Parviz,1965-01-07,1992-08-08,9999-01-01
105342,Kwun,1965-01-01,1999-07-29,9999-01-01
105356,Diederik,1965-01-29,1995-03-08,9999-01-01
105432,Mohamadou,1965-01-08,1995-09-12,9999-01-01
105520,Haldun,1965-01-01,1987-01-29,9999-01-01
105731,Sachem,1965-01-15,1990-08-20,9999-01-01
106096,Naftali,1965-01-14,1992-12-02,9999-01-01
106242,Nevio,1965-02-01,1988-03-25,9999-01-01
106695,Lijie,1965-01-31,1988-10-26,9999-01-01
106710,Babette,1965-01-31,1986-11-22,9999-01-01
107486,Siamak,1965-01-23,1987-02-11,9999-01-01
107737,Fabrizio,1965-01-23,1999-07-31,9999-01-01
107792,Shahab,1965-01-13,1992-03-18,9999-01-01
107828,Ramya,1965-01-26,1989-02-03,9999-01-01
108091,Hisao,1965-01-09,1985-11-14,9999-01-01
108198,Randi,1965-01-24,1992-10-20,9999-01-01
108316,Shai,1965-01-02,1992-05-21,9999-01-01
108988,Oksana,1965-01-19,1989-07-20,9999-01-01
109062,Jamaludin,1965-02-01,1992-06-19,9999-01-01
109211,Gor,1965-01-11,2002-06-18,9999-01-01
109252,Moty,1965-01-15,1991-04-28,9999-01-01
109278,Bangqing,1965-01-21,1988-03-22,9999-01-01
109552,Menkae,1965-01-31,1997-05-21,9999-01-01
109598,Stamatina,1965-02-01,1988-07-05,9999-01-01
109620,Mani,1965-01-02,1989-06-21,9999-01-01
109703,Arco,1965-01-17,1999-08-16,9999-01-01
109741,Hatem,1965-01-11,1991-11-13,9999-01-01
109953,Godehard,1965-01-26,1988-04-10,9999-01-01
200267,Chuanti,1965-01-08,1994-09-21,9999-01-01
200312,Akemi,1965-01-27,2001-11-13,9999-01-01
200363,Kirk,1965-01-10,1987-06-30,9999-01-01
200735,Dinah,1965-01-09,1992-09-21,9999-01-01
200789,Susumu,1965-01-14,1991-12-15,9999-01-01
201229,Alejandra,1965-01-03,1994-07-30,9999-01-01
201708,Anneli,1965-01-15,1992-09-08,9999-01-01
201709,Fan,1965-01-01,1988-02-25,9999-01-01
201739,Genta,1965-01-16,1998-07-21,9999-01-01
201801,Waiman,1965-01-12,1988-10-30,9999-01-01
201915,Sudharsan,1965-01-02,1992-03-30,9999-01-01
202291,Ortrun,1965-01-16,1997-07-18,9999-01-01
202403,Gully,1965-01-09,1999-07-07,9999-01-01
202414,Zvonko,1965-01-13,1992-01-07,9999-01-01
202552,Morris,1965-01-05,1991-11-22,9999-01-01
202826,Kerhong,1965-01-19,1986-11-14,9999-01-01
202882,Isaac,1965-01-25,1995-09-28,9999-01-01
202950,Giordano,1965-01-17,1987-03-26,9999-01-01
203474,Hugh,1965-01-03,1991-07-06,9999-01-01
203495,Zongyan,1965-01-02,1997-05-31,9999-01-01
203599,Ewing,1965-01-21,2000-02-01,9999-01-01
203720,Sasan,1965-01-30,1996-08-21,9999-01-01
203946,Yefim,1965-01-23,1993-03-30,9999-01-01
204117,Jessie,1965-01-10,2000-12-13,9999-01-01
204133,Susuma,1965-01-22,1996-02-25,9999-01-01
204246,Arve,1965-01-09,1985-04-01,9999-01-01
204425,Gretta,1965-01-03,1990-10-08,9999-01-01
204470,Hein,1965-01-22,1998-05-02,9999-01-01
204471,Franziska,1965-01-27,1986-02-17,9999-01-01
204764,Susanne,1965-01-22,1990-11-02,9999-01-01
205018,Yahiko,1965-01-26,1998-08-05,9999-01-01
205085,Moni,1965-01-23,1991-09-26,9999-01-01
205174,Leszek,1965-01-05,1998-12-10,9999-01-01
205500,Mary,1965-01-04,1989-01-13,9999-01-01
205627,Stabislas,1965-01-21,1996-07-16,9999-01-01
205660,Kien,1965-01-27,2000-10-24,9999-01-01
205699,Youjian,1965-01-31,1994-12-07,9999-01-01
205789,Limsoon,1965-01-31,1999-08-10,9999-01-01
205863,Aiichiro,1965-01-06,1990-10-04,9999-01-01
206748,Yucai,1965-01-07,1999-10-06,9999-01-01
206836,Guadalupe,1965-01-12,1993-03-22,9999-01-01
206966,Tzu,1965-01-21,1987-11-17,9999-01-01
207021,Jacqueline,1965-01-20,1997-12-06,9999-01-01
207068,Zhiguo,1965-01-13,1994-09-07,9999-01-01
207204,Kellie,1965-01-25,1991-01-17,9999-01-01
207401,Shuji,1965-01-04,1987-08-10,9999-01-01
207551,Baziley,1965-01-15,1995-02-18,9999-01-01
207779,Chinya,1965-01-16,1992-05-31,9999-01-01
207980,Remko,1965-01-07,1990-11-22,9999-01-01
208147,Manu,1965-01-09,1988-12-06,9999-01-01
208330,Shen,1965-01-11,1989-07-03,9999-01-01
208639,Larisa,1965-01-27,1996-10-30,9999-01-01
208653,Phillip,1965-01-23,1989-03-03,9999-01-01
208784,Pranjal,1965-01-30,1985-03-21,9999-01-01
209101,Xinyu,1965-01-05,1997-10-26,9999-01-01
209443,Krassimir,1965-01-19,1998-01-26,9999-01-01
209565,Dante,1965-01-09,1989-05-28,9999-01-01
209712,Nimmagadda,1965-01-17,1987-10-30,9999-01-01
210017,Shalesh,1965-01-28,1990-09-29,9999-01-01
210292,Lihong,1965-01-18,1996-04-28,9999-01-01
210449,Gino,1965-01-19,1997-06-22,9999-01-01
210752,Saniya,1965-01-25,1986-12-10,9999-01-01
210786,Werner,1965-01-31,1998-06-05,9999-01-01
211858,Domenico,1965-01-08,1985-03-24,9999-01-01
211879,Gao,1965-01-12,1994-11-24,9999-01-01
211967,Anwar,1965-01-07,1989-01-22,9999-01-01
212093,Leni,1965-01-11,1993-11-19,9999-01-01
212154,Sailaja,1965-01-17,1991-03-04,9999-01-01
212361,Claudi,1965-01-16,1996-01-07,9999-01-01
213016,Yongmao,1965-01-22,1993-07-26,9999-01-01
213140,Tru,1965-01-10,1997-03-31,9999-01-01
213384,Pranas,1965-01-04,1985-09-26,9999-01-01
213447,Armond,1965-02-01,1989-09-14,9999-01-01
214215,Xiaoqiang,1965-01-25,1993-05-28,9999-01-01
214391,Rayond,1965-01-15,1993-09-11,9999-01-01
214427,Peer,1965-01-29,1996-11-17,9999-01-01
214539,Ingmar,1965-01-27,1995-04-25,9999-01-01
214634,Shirish,1965-01-12,1989-10-24,9999-01-01
214789,Arfst,1965-01-28,1989-02-06,9999-01-01
214866,Gopalakrishnan,1965-02-01,1997-07-05,9999-01-01
214995,Dinkar,1965-01-12,1994-05-04,9999-01-01
215419,Flemming,1965-01-16,1995-01-23,9999-01-01
215629,Munehiro,1965-01-15,1987-05-18,9999-01-01
215746,Sven,1965-01-08,1999-07-08,9999-01-01
215843,Pramod,1965-01-30,1987-03-31,9999-01-01
216054,Sahrah,1965-01-24,1986-07-31,9999-01-01
216342,Aiichiro,1965-01-22,1995-06-10,9999-01-01
216375,Byong,1965-01-16,1985-03-12,9999-01-01
216502,Xiaocheng,1965-01-26,1997-12-15,9999-01-01
216573,Ashish,1965-01-29,1989-06-16,9999-01-01
216921,Lena,1965-01-22,1990-12-25,9999-01-01
217026,Otmar,1965-01-11,1993-08-16,9999-01-01
217080,Masami,1965-01-12,2000-01-21,9999-01-01
217272,Yuchang,1965-01-21,1986-08-01,9999-01-01
217286,Yannik,1965-01-05,1992-09-22,9999-01-01
217320,Abdelwaheb,1965-01-10,1993-09-10,9999-01-01
217363,Horward,1965-01-14,1996-04-11,9999-01-01
217387,Jianhao,1965-01-21,1987-10-22,9999-01-01
217551,Panayotis,1965-01-02,1989-06-06,9999-01-01
217800,Shay,1965-02-01,1998-08-06,9999-01-01
218022,Mokhtar,1965-01-26,1992-02-02,9999-01-01
218100,Jiong,1965-01-24,1990-01-02,9999-01-01
218831,Unal,1965-01-16,1996-03-13,9999-01-01
219035,Kristine,1965-01-18,1988-05-13,9999-01-01
219047,Aemilian,1965-01-30,1987-05-27,9999-01-01
219052,Marsal,1965-01-06,1995-08-02,9999-01-01
219417,Subhrajyoti,1965-01-29,1996-07-25,9999-01-01
219497,Moie,1965-01-22,1991-10-11,9999-01-01
219967,Susanna,1965-01-16,1998-03-16,9999-01-01
220029,Demos,1965-01-17,1985-11-04,9999-01-01
220131,Reinhard,1965-01-09,1994-06-08,9999-01-01
220418,Poorav,1965-01-23,1997-08-16,9999-01-01
220528,Sibyl,1965-01-06,1998-02-23,9999-01-01
220582,Poornachandra,1965-01-08,1996-02-13,9999-01-01
220611,Yuping,1965-01-23,1995-01-31,9999-01-01
220625,Shigenori,1965-01-25,1992-12-24,9999-01-01
220699,Nahid,1965-01-07,1995-08-18,9999-01-01
220799,Perla,1965-01-17,1998-10-13,9999-01-01
221126,Tesuya,1965-01-23,1988-11-29,9999-01-01
221367,Saddek,1965-01-13,1990-11-06,9999-01-01
221369,Abdulah,1965-01-28,1996-08-28,9999-01-01
221435,Djenana,1965-01-06,1994-02-06,9999-01-01
221973,Sangeeta,1965-01-17,1990-06-06,9999-01-01
222206,Stein,1965-01-21,1988-01-30,9999-01-01
222311,Miyeon,1965-01-20,1992-12-05,9999-01-01
222319,Matt,1965-01-20,1994-11-09,9999-01-01
222354,Valdiodio,1965-01-15,1993-08-07,9999-01-01
222616,Badri,1965-02-01,1998-01-19,9999-01-01
222770,Kazuhiko,1965-01-22,1995-08-01,9999-01-01
222878,Annemarie,1965-01-10,1996-12-01,9999-01-01
222926,Limsoon,1965-01-10,1997-12-31,9999-01-01
222952,Gopalakrishnan,1965-01-28,1991-04-30,9999-01-01
222998,Leaf,1965-01-07,1992-10-02,9999-01-01
223593,Hidefumi,1965-01-20,1998-03-04,9999-01-01
223595,Chiranjit,1965-02-01,1999-09-05,9999-01-01
224135,Annemarie,1965-01-02,1998-06-23,9999-01-01
224335,Perry,1965-01-29,1985-07-22,9999-01-01
224390,True,1965-01-24,1996-05-17,9999-01-01
224934,George,1965-01-05,1988-01-02,9999-01-01
225438,Remmert,1965-01-14,1992-04-28,9999-01-01
225601,Masasuke,1965-01-13,1994-06-25,9999-01-01
225788,Ipke,1965-01-08,1995-12-18,9999-01-01
225867,Ramalingam,1965-01-26,1999-09-03,9999-01-01
225964,Mooi,1965-01-19,1989-06-07,9999-01-01
226216,Giordano,1965-01-28,1993-08-14,9999-01-01
226227,Herbert,1965-01-07,1986-09-06,9999-01-01
227354,Gio,1965-01-12,1986-11-11,9999-01-01
227476,Macha,1965-01-11,1988-05-11,9999-01-01
227681,Mikhail,1965-01-30,1998-11-30,9999-01-01
227899,Garnik,1965-01-23,1998-09-15,9999-01-01
227901,Francesca,1965-01-26,1996-06-08,9999-01-01
228098,IEEE,1965-01-18,1998-02-17,9999-01-01
228248,Yuriy,1965-01-09,1988-09-08,9999-01-01
228554,Bilhanan,1965-01-03,1990-12-23,9999-01-01
228766,Nahla,1965-01-11,1993-02-12,9999-01-01
229098,Berry,1965-01-08,1995-08-16,9999-01-01
229220,Fabrizio,1965-01-21,1987-02-09,9999-01-01
229248,Harjit,1965-01-27,1995-10-19,9999-01-01
229386,Pohua,1965-01-03,1994-11-04,9999-01-01
229391,Paloma,1965-01-15,1991-06-11,9999-01-01
229404,Gilbert,1965-01-11,1996-04-05,9999-01-01
229547,Moni,1965-01-03,1986-07-04,9999-01-01
229727,Ewing,1965-01-23,1999-09-28,9999-01-01
229981,Jamaludin,1965-01-19,1992-02-06,9999-01-01
230002,Tadahiro,1965-01-07,1991-10-02,9999-01-01
230126,Bezalel,1965-01-31,1988-07-02,9999-01-01
230287,Renny,1965-01-14,1997-09-28,9999-01-01
230354,Yinghua,1965-01-31,1991-08-09,9999-01-01
230498,Kolar,1965-01-15,1990-04-25,9999-01-01
230579,Shahar,1965-01-17,1994-03-19,9999-01-01
230689,Dietrich,1965-01-14,1986-05-24,9999-01-01
230865,Takushi,1965-01-02,1999-06-03,9999-01-01
231069,Trygve,1965-01-22,1995-11-09,9999-01-01
231459,Nectarios,1965-01-28,1999-11-18,9999-01-01
231671,Chandrasekaran,1965-01-07,1995-04-14,9999-01-01
231798,Goetz,1965-01-28,1988-12-25,9999-01-01
232178,Etsuo,1965-01-29,1989-12-13,9999-01-01
232209,Nitsan,1965-01-11,1988-08-01,9999-01-01
232697,Barry,1965-01-23,1990-09-07,9999-01-01
232723,Tesuya,1965-01-14,1993-02-13,9999-01-01
233114,Alselm,1965-01-20,1987-12-25,9999-01-01
233394,Khalid,1965-01-06,1995-12-24,9999-01-01
233397,Fay,1965-01-16,1990-07-07,9999-01-01
233426,Etsuo,1965-01-12,1995-03-02,9999-01-01
233690,Cedric,1965-01-17,1994-09-08,9999-01-01
233759,Zissis,1965-01-14,2000-05-27,9999-01-01
233765,Kotesh,1965-01-20,1991-03-25,9999-01-01
233785,Baziley,1965-01-30,1987-07-28,9999-01-01
233818,Kellie,1965-01-01,1985-11-11,9999-01-01
234195,Luerbio,1965-01-07,1991-05-14,9999-01-01
234739,Foong,1965-01-31,1986-06-28,9999-01-01
235017,Irena,1965-01-17,1991-09-07,9999-01-01
235096,Sverrir,1965-01-21,1995-07-30,9999-01-01
235325,Gro,1965-01-06,1992-10-16,9999-01-01
235368,Anneli,1965-01-09,1987-04-12,9999-01-01
235458,Gio,1965-01-05,1992-06-28,9999-01-01
235729,Henk,1965-02-01,1993-01-19,9999-01-01
235780,Sampalli,1965-01-17,1994-04-08,9999-01-01
235793,Jayesh,1965-01-03,1999-01-16,9999-01-01
236315,IEEE,1965-01-31,1996-07-24,9999-01-01
236566,Yechezkel,1965-01-17,1992-12-11,9999-01-01
236591,Insup,1965-01-11,1985-04-08,9999-01-01
236827,Almudena,1965-01-28,1994-02-16,9999-01-01
236883,Huan,1965-01-27,1999-11-19,9999-01-01
236964,Adel,1965-01-17,2000-03-20,9999-01-01
238112,Miomir,1965-01-12,1991-05-25,9999-01-01
238252,Uno,1965-01-09,1996-12-27,9999-01-01
238422,Vishv,1965-01-10,1988-03-08,9999-01-01
238949,Minghong,1965-01-09,1987-10-04,9999-01-01
239067,Tadahiko,1965-01-11,1996-04-02,9999-01-01
239244,Abdulla,1965-01-13,1987-02-20,9999-01-01
239415,Susumu,1965-01-01,1993-04-17,9999-01-01
239426,Vesna,1965-01-08,2002-05-07,9999-01-01
239664,Sugwoo,1965-01-04,1992-08-02,9999-01-01
239706,Arunas,1965-01-15,1997-04-03,9999-01-01
239748,Bilhanan,1965-01-23,1988-06-04,9999-01-01
239803,Oscal,1965-01-30,1992-05-19,9999-01-01
240132,Mizuhito,1965-02-01,1996-08-09,9999-01-01
240236,True,1965-01-24,1986-01-19,9999-01-01
240285,Kolar,1965-01-23,1998-11-14,9999-01-01
240340,Mack,1965-01-14,1985-04-02,9999-01-01
240438,Temple,1965-01-02,1992-09-30,9999-01-01
240870,Francesca,1965-01-06,1992-03-17,9999-01-01
241100,Cedric,1965-01-23,1990-10-06,9999-01-01
241254,Jagoda,1965-01-15,1993-05-11,9999-01-01
241292,Uri,1965-01-29,2001-12-11,9999-01-01
241567,Emran,1965-01-18,1989-05-02,9999-01-01
241667,Atilio,1965-01-28,1985-09-04,9999-01-01
241728,Limsoon,1965-01-30,1999-08-08,9999-01-01
241872,Bluma,1965-01-11,2001-11-14,9999-01-01
242019,Herb,1965-01-09,2001-10-28,9999-01-01
242081,Tomokazu,1965-01-12,1996-11-15,9999-01-01
242104,Richara,1965-01-05,1989-09-05,9999-01-01
242500,Bingning,1965-01-08,1989-06-26,9999-01-01
242800,Kazuyasu,1965-01-11,1996-02-10,9999-01-01
243018,Bowen,1965-01-02,1998-12-27,9999-01-01
243077,Kazunori,1965-02-01,1999-02-25,9999-01-01
243576,Abdulah,1965-01-04,1996-11-10,9999-01-01
243637,Marjo,1965-01-16,1990-06-24,9999-01-01
243898,Arch,1965-01-09,1998-05-10,9999-01-01
244308,Mokhtar,1965-01-10,1991-07-23,9999-01-01
244605,Masoud,1965-01-22,1998-10-10,9999-01-01
244624,Boaz,1965-01-31,1987-03-27,9999-01-01
244711,Rosli,1965-01-25,1991-03-20,9999-01-01
244714,Poorav,1965-01-27,1996-05-06,9999-01-01
244820,Shigenori,1965-01-15,1987-04-13,9999-01-01
244873,Arunachalam,1965-01-04,1986-05-20,9999-01-01
245164,Filipp,1965-01-23,1996-10-24,9999-01-01
245396,Gift,1965-01-31,1995-03-04,9999-01-01
245664,Manohar,1965-01-18,1998-11-17,9999-01-01
246146,Zhongwei,1965-01-30,1987-09-04,9999-01-01
246244,George,1965-01-09,2000-01-20,9999-01-01
246364,Alper,1965-01-06,1998-10-29,9999-01-01
246764,Shuzo,1965-01-04,1997-11-29,9999-01-01
246798,Tianruo,1965-01-09,2001-12-07,9999-01-01
246902,Shih,1965-01-27,1998-04-19,9999-01-01
247089,Seongbae,1965-01-17,1992-12-10,9999-01-01
247122,Xiaobin,1965-01-23,1992-02-14,9999-01-01
247447,Tzu,1965-01-28,1994-03-18,9999-01-01
247456,Masako,1965-01-16,1997-07-31,9999-01-01
247612,Chiranjit,1965-01-04,1997-05-25,9999-01-01
247875,Xiong,1965-01-02,1991-04-23,9999-01-01
247888,Abdelghani,1965-01-15,1985-09-06,9999-01-01
248256,Sajjan,1965-01-05,1996-08-29,9999-01-01
248351,Jaana,1965-02-01,1985-06-02,9999-01-01
248758,Snehasis,1965-02-01,1994-12-25,9999-01-01
248953,Percy,1965-01-29,1996-08-29,9999-01-01
249239,Hideyuki,1965-01-21,1994-05-04,9999-01-01
249325,Ute,1965-01-26,1997-06-09,9999-01-01
249433,Ayonca,1965-01-16,1988-06-03,9999-01-01
249504,Dmitry,1965-01-07,1995-10-20,9999-01-01
249780,Nechama,1965-01-12,1993-07-09,9999-01-01
249799,Jolita,1965-01-04,1993-12-27,9999-01-01
249866,Steen,1965-01-15,1989-01-14,9999-01-01
249969,Georgi,1965-01-21,1991-06-10,9999-01-01
250411,Ranga,1965-01-27,1989-01-20,9999-01-01
250452,Alexius,1965-01-14,2000-01-17,9999-01-01
250748,Kish,1965-01-27,1987-02-10,9999-01-01
251166,Hinrich,1965-01-22,1985-10-05,9999-01-01
251233,Yucel,1965-01-07,1993-02-19,9999-01-01
251301,Pintsang,1965-01-30,1989-05-06,9999-01-01
251341,Divier,1965-01-11,1992-12-05,9999-01-01
251403,Utpal,1965-01-01,1997-11-19,9999-01-01
251437,Shichao,1965-01-20,1989-10-17,9999-01-01
251645,Bezalel,1965-01-06,1992-06-17,9999-01-01
251680,Moty,1965-01-05,1990-08-14,9999-01-01
251814,Mitsuyuki,1965-01-01,1998-09-14,9999-01-01
252185,Chaosheng,1965-01-01,1997-04-14,9999-01-01
252316,Gill,1965-01-07,1994-10-08,9999-01-01
252392,Sanjeeva,1965-01-01,1993-12-26,9999-01-01
253029,Thodoros,1965-01-13,1995-04-05,9999-01-01
253707,Insup,1965-01-05,1998-02-11,9999-01-01
253838,Stafford,1965-01-28,1999-02-21,9999-01-01
253893,Huiqun,1965-01-04,1993-05-10,9999-01-01
254044,Gunilla,1965-01-16,1992-04-10,9999-01-01
254399,Armond,1965-01-24,1999-09-16,9999-01-01
254821,Tonny,1965-01-24,1994-12-12,9999-01-01
255466,Huan,1965-01-18,1985-07-03,9999-01-01
255657,Oldrich,1965-01-20,1985-02-10,9999-01-01
255779,Heejo,1965-01-31,1997-09-04,9999-01-01
256216,Halsur,1965-01-01,1997-11-22,9999-01-01
256856,Hongzue,1965-01-03,1987-06-17,9999-01-01
256881,Ioana,1965-01-03,1990-08-10,9999-01-01
256888,Heather,1965-01-03,1993-09-15,9999-01-01
257062,Stabislas,1965-01-24,1989-06-21,9999-01-01
257378,Pascal,1965-01-06,1988-09-03,9999-01-01
257469,Anyuan,1965-01-22,1988-01-06,9999-01-01
257484,Shaowei,1965-01-01,1986-12-07,9999-01-01
258028,Mountaz,1965-01-07,2001-07-03,9999-01-01
258124,Mariusz,1965-01-17,1990-07-28,9999-01-01
258470,Weiwu,1965-01-04,1995-02-14,9999-01-01
258643,Przemyslawa,1965-01-11,1992-02-27,9999-01-01
259042,Xiaoqiang,1965-01-12,1997-01-01,9999-01-01
259237,Palash,1965-01-27,1987-10-23,9999-01-01
259273,Xiahua,1965-01-22,1989-12-01,9999-01-01
259611,Shuichi,1965-01-27,1990-08-21,9999-01-01
259619,Conal,1965-01-21,1992-05-09,9999-01-01
259718,Stepehn,1965-01-24,1993-12-13,9999-01-01
260153,Mingdong,1965-01-28,1991-10-14,9999-01-01
260249,Vugranam,1965-01-22,1998-05-14,9999-01-01
260361,Reinhold,1965-01-25,1997-10-09,9999-01-01
260399,Hatem,1965-01-30,1989-04-10,9999-01-01
260408,Sasan,1965-01-19,1996-09-03,9999-01-01
260501,Dzung,1965-01-14,1990-05-17,9999-01-01
261184,Masako,1965-01-30,1987-08-29,9999-01-01
261631,Jianhua,1965-01-08,1998-02-23,9999-01-01
261662,Berni,1965-01-11,1989-09-08,9999-01-01
261737,Mark,1965-01-23,1990-11-22,9999-01-01
261986,Gila,1965-01-21,1997-05-13,9999-01-01
261990,Volkmar,1965-01-16,1992-04-01,9999-01-01
262208,Mrinalini,1965-01-16,1987-05-23,9999-01-01
262210,Chinho,1965-01-22,1985-07-29,9999-01-01
262328,Mayuko,1965-01-03,1997-12-24,9999-01-01
262439,Lorien,1965-01-30,1985-10-10,9999-01-01
262636,Tamiya,1965-01-04,1992-04-10,9999-01-01
262752,Pramod,1965-01-04,1997-12-12,9999-01-01
262928,Piyush,1965-01-01,1995-02-20,9999-01-01
263012,Hideo,1965-01-09,1999-05-01,9999-01-01
263186,Danny,1965-01-22,1995-09-13,9999-01-01
263370,Shakhar,1965-01-03,1999-05-29,9999-01-01
263439,Atreye,1965-01-09,1986-12-15,9999-01-01
263645,Mingsen,1965-01-19,1990-12-04,9999-01-01
263649,Mechthild,1965-01-17,1993-07-26,9999-01-01
263926,Fusako,1965-01-03,1985-04-07,9999-01-01
264030,Zdislav,1965-01-15,1990-12-14,9999-01-01
264167,Baoqiu,1965-01-25,1996-05-01,9999-01-01
264322,Leandro,1965-01-03,1991-01-06,9999-01-01
264626,Noritoshi,1965-01-13,1993-02-03,9999-01-01
264939,Bogdan,1965-01-10,1999-02-13,9999-01-01
265039,Navid,1965-01-03,1992-10-18,9999-01-01
265521,Kensei,1965-01-04,1993-05-25,9999-01-01
265558,Susuma,1965-01-31,1987-08-02,9999-01-01
265794,Miquel,1965-01-15,1994-01-14,9999-01-01
265875,Fan,1965-01-20,1989-09-03,9999-01-01
266206,Zsolt,1965-02-01,1985-08-19,9999-01-01
266249,Sumant,1965-01-15,1991-03-28,9999-01-01
266310,Zvonko,1965-01-23,1987-06-24,9999-01-01
266644,Anwar,1965-01-08,1993-08-09,9999-01-01
266862,Mart,1965-01-10,1986-04-21,9999-01-01
266881,Mokhtar,1965-01-11,1997-02-04,9999-01-01
267059,Moie,1965-01-09,1991-06-29,9999-01-01
267227,Susuma,1965-01-10,1995-01-22,9999-01-01
267304,Jordanka,1965-01-06,1994-06-27,9999-01-01
267667,Irena,1965-01-05,1987-09-05,9999-01-01
268043,Narain,1965-01-28,1997-11-02,9999-01-01
268191,LiMin,1965-01-07,1990-11-01,9999-01-01
269728,Naftali,1965-01-12,1987-05-16,9999-01-01
270084,Ulises,1965-01-11,1986-07-26,9999-01-01
270716,Shunichi,1965-01-19,1998-02-04,9999-01-01
270794,Dannz,1965-02-01,1991-06-26,9999-01-01
271106,Taisook,1965-01-10,1997-11-30,9999-01-01
271219,Odoardo,1965-01-16,1994-11-07,9999-01-01
272141,Tsutomu,1965-01-13,1996-07-31,9999-01-01
272285,Gully,1965-01-19,1986-01-22,9999-01-01
272316,Surveyors,1965-01-05,1999-07-19,9999-01-01
272452,Mitsuyuki,1965-01-10,2002-02-27,9999-01-01
272599,Holgard,1965-01-16,1993-07-15,9999-01-01
272860,Minghong,1965-02-01,1994-02-10,9999-01-01
273159,Divine,1965-01-26,1989-04-14,9999-01-01
273286,Brigham,1965-01-26,1989-01-23,9999-01-01
273396,Wayne,1965-01-10,1998-03-07,9999-01-01
273806,Hongzhu,1965-01-01,1997-08-18,9999-01-01
273858,Gunilla,1965-01-13,1990-12-28,9999-01-01
274071,Mingsen,1965-01-01,1995-10-12,9999-01-01
274271,Prodip,1965-01-10,1986-09-10,9999-01-01
274369,Ranga,1965-01-29,1997-01-27,9999-01-01
274813,Yefim,1965-01-10,1993-08-07,9999-01-01
275158,Satyanarayana,1965-01-07,1999-12-08,9999-01-01
275263,Vojin,1965-01-21,1991-10-18,9999-01-01
275444,Limsoon,1965-01-16,1993-01-21,9999-01-01
275495,Shen,1965-01-13,1995-02-19,9999-01-01
275801,Ayakannu,1965-01-22,1986-06-28,9999-01-01
275881,Jiann,1965-01-08,1988-05-18,9999-01-01
275994,Uma,1965-01-29,1991-02-21,9999-01-01
276027,Holgard,1965-01-04,1986-02-28,9999-01-01
276184,Mari,1965-01-10,1991-04-08,9999-01-01
276186,Sajjad,1965-01-30,1993-06-02,9999-01-01
276189,Isaac,1965-01-10,1995-03-19,9999-01-01
276445,Atilio,1965-01-27,1988-07-02,9999-01-01
276472,Hideyuki,1965-01-27,1988-11-10,9999-01-01
276563,Gift,1965-01-01,1995-08-01,9999-01-01
276868,Alois,1965-01-19,1998-03-13,9999-01-01
277316,Vitali,1965-01-03,1989-10-04,9999-01-01
277362,Uzi,1965-01-09,1991-01-12,9999-01-01
277420,Rayond,1965-01-16,1995-04-22,9999-01-01
277777,Herbert,1965-01-27,1990-07-04,9999-01-01
277829,Michaela,1965-01-22,1986-06-02,9999-01-01
278239,Boaz,1965-01-19,1994-02-06,9999-01-01
278386,Caolyn,1965-01-15,1995-12-03,9999-01-01
278452,Sudhanshu,1965-01-07,1987-08-29,9999-01-01
278536,Munenori,1965-01-14,1992-01-10,9999-01-01
278549,Jaana,1965-01-02,1989-07-27,9999-01-01
278953,Jeanna,1965-01-26,1990-08-11,9999-01-01
279115,Maren,1965-01-05,1997-11-29,9999-01-01
279280,Niranjan,1965-01-09,1992-09-21,9999-01-01
279791,Chiranjit,1965-01-10,1986-12-24,9999-01-01
280070,Niteen,1965-01-24,1988-03-29,9999-01-01
280291,Lenore,1965-01-26,1998-11-24,9999-01-01
280420,Jahangir,1965-01-31,1986-09-28,9999-01-01
280525,Kish,1965-01-13,1996-08-18,9999-01-01
280648,Heeju,1965-01-04,1986-12-27,9999-01-01
281570,Zijian,1965-01-08,1994-09-13,9999-01-01
281692,Khosrow,1965-01-06,1990-03-03,9999-01-01
281848,Parke,1965-01-29,1993-07-31,9999-01-01
281859,Masanao,1965-01-17,1985-11-25,9999-01-01
282191,Alper,1965-01-16,1997-10-20,9999-01-01
282333,Nahla,1965-01-25,1993-09-09,9999-01-01
282343,Xinglin,1965-01-13,1988-07-20,9999-01-01
282547,Nahum,1965-01-18,1999-06-14,9999-01-01
282585,Zijian,1965-01-03,1996-07-01,9999-01-01
282894,Fay,1965-01-05,1989-05-03,9999-01-01
284300,Ishfaq,1965-01-22,1991-11-29,9999-01-01
284431,Pintsang,1965-01-25,1996-04-16,9999-01-01
284561,Duri,1965-01-03,1988-02-15,9999-01-01
284687,Oksana,1965-01-15,1985-06-22,9999-01-01
284691,Theron,1965-01-04,1988-08-17,9999-01-01
284711,Martijn,1965-01-21,1988-02-10,9999-01-01
284717,Gal,1965-01-11,1992-11-07,9999-01-01
284856,Moto,1965-01-05,1991-12-12,9999-01-01
284954,Anneke,1965-01-16,1996-01-30,9999-01-01
285164,Xiaocheng,1965-01-02,1994-10-03,9999-01-01
285396,Lena,1965-01-27,1986-10-04,9999-01-01
285905,Kellyn,1965-01-09,1994-11-04,9999-01-01
285906,Arnould,1965-01-02,1998-03-26,9999-01-01
286026,Utpal,1965-01-21,1991-02-25,9999-01-01
286029,Jaques,1965-01-28,1996-07-16,9999-01-01
286370,Toshimitsu,1965-01-06,1995-01-19,9999-01-01
286452,Behnaam,1965-01-26,1999-01-31,9999-01-01
286573,Nahum,1965-01-27,1994-07-29,9999-01-01
286779,Sigeru,1965-01-24,1998-08-31,9999-01-01
286986,Woody,1965-01-01,1996-05-23,9999-01-01
287323,Steve,1965-02-01,1999-09-15,9999-01-01
287327,Youjian,1965-01-13,1993-07-15,9999-01-01
287334,Elliott,1965-01-05,1998-08-08,9999-01-01
287482,Shigeaki,1965-01-01,1994-03-18,9999-01-01
287583,Jovan,1965-01-18,1990-06-21,9999-01-01
287609,Sailaja,1965-01-06,1988-01-20,9999-01-01
287713,Aamod,1965-01-23,1992-12-07,9999-01-01
287808,Vidar,1965-01-09,1996-06-17,9999-01-01
287983,Randi,1965-01-23,1990-09-07,9999-01-01
287984,Troy,1965-01-09,1991-02-12,9999-01-01
288028,Kauko,1965-01-22,1985-12-16,9999-01-01
288142,Shay,1965-01-25,1989-04-01,9999-01-01
288166,Masoud,1965-01-11,1994-09-05,9999-01-01
288560,Yifei,1965-01-16,1994-02-07,9999-01-01
288563,Cristinel,1965-01-02,1996-01-09,9999-01-01
288606,Susumu,1965-01-21,1991-11-15,9999-01-01
288665,Horward,1965-01-31,1998-11-19,9999-01-01
288893,Bedrich,1965-01-30,1991-01-27,9999-01-01
289454,Bowen,1965-01-20,1985-03-08,9999-01-01
289687,Fai,1965-01-31,1985-10-30,9999-01-01
289807,Soenke,1965-01-04,1994-09-04,9999-01-01
289909,Hilari,1965-01-09,1993-04-24,9999-01-01
290009,Zijian,1965-01-22,1989-07-09,9999-01-01
290075,Boalin,1965-01-15,1990-10-01,9999-01-01
290284,Kwangjo,1965-01-08,1996-01-11,9999-01-01
290441,Gregory,1965-01-25,1987-09-09,9999-01-01
290467,Shaowen,1965-01-29,1987-04-15,9999-01-01
290478,Tsvetan,1965-01-03,1989-08-07,9999-01-01
290563,Shigehiro,1965-01-09,1986-02-26,9999-01-01
290769,Lalit,1965-01-26,1999-02-01,9999-01-01
291352,Danai,1965-01-07,1997-08-26,9999-01-01
291612,Siamak,1965-01-30,1998-07-08,9999-01-01
291669,Faiza,1965-01-04,1999-09-13,9999-01-01
292110,Menkae,1965-01-23,1996-08-09,9999-01-01
292146,Khatoun,1965-01-09,2002-01-09,9999-01-01
292210,Masaru,1965-01-17,1996-11-23,9999-01-01
292404,Hongzue,1965-01-28,1990-02-22,9999-01-01
292504,Georgi,1965-01-27,1994-03-02,9999-01-01
292515,Bernd,1965-01-04,1989-08-03,9999-01-01
292828,Ziya,1965-01-10,1986-01-08,9999-01-01
293080,Hideyuki,1965-01-12,1987-05-30,9999-01-01
293154,Syozo,1965-01-21,1993-06-06,9999-01-01
293280,Moti,1965-01-24,1987-01-22,9999-01-01
293329,Fumiya,1965-01-15,1986-06-12,9999-01-01
293746,Sanjay,1965-01-25,1995-08-27,9999-01-01
293752,Jungsoon,1965-01-04,1986-02-18,9999-01-01
294144,Takanari,1965-01-09,1992-01-11,9999-01-01
294241,Marl,1965-01-12,1994-07-26,9999-01-01
294446,Claudi,1965-01-27,1999-08-13,9999-01-01
294461,Siddarth,1965-01-14,1985-11-18,9999-01-01
294527,Ashish,1965-01-04,1992-02-02,9999-01-01
294652,Hironobu,1965-01-27,1998-12-21,9999-01-01
294791,Vesna,1965-01-28,1999-10-08,9999-01-01
294857,Caolyn,1965-01-15,1986-07-29,9999-01-01
295030,Fun,1965-01-01,1985-07-09,9999-01-01
295236,Kauko,1965-01-24,1987-09-13,9999-01-01
295254,Xuejun,1965-01-15,1985-07-24,9999-01-01
295255,Jacopo,1965-01-04,1988-03-13,9999-01-01
295262,Moon,1965-01-22,1994-08-06,9999-01-01
295268,Eben,1965-01-28,1996-12-19,9999-01-01
295278,Val,1965-01-04,1990-01-02,9999-01-01
295411,Chiranjit,1965-01-18,1997-04-04,9999-01-01
295857,Kankanahalli,1965-01-17,1989-12-26,9999-01-01
296062,Shaz,1965-01-29,1998-10-03,9999-01-01
296303,Mariangiola,1965-01-28,1992-08-04,9999-01-01
296428,Charmane,1965-01-03,1989-03-07,9999-01-01
296664,Dipayan,1965-01-31,1987-09-17,9999-01-01
296687,Palash,1965-01-02,1991-05-11,9999-01-01
296718,Kamakshi,1965-01-30,1987-12-22,9999-01-01
297232,Lokesh,1965-01-16,1999-05-25,9999-01-01
297431,Cathie,1965-01-12,1996-06-23,9999-01-01
297474,Irena,1965-01-13,1998-03-11,9999-01-01
297905,Marc,1965-01-12,1997-06-18,9999-01-01
297954,Sailaja,1965-01-13,1995-07-24,9999-01-01
298339,King,1965-01-11,1986-09-04,9999-01-01
298577,Florina,1965-01-11,1985-12-02,9999-01-01
298953,Zita,1965-02-01,1998-12-29,9999-01-01
299346,Fumitake,1965-01-09,1991-02-21,9999-01-01
299580,Luisa,1965-01-21,1997-01-23,9999-01-01
299718,Denny,1965-01-15,1997-06-22,9999-01-01
299737,Patricio,1965-02-01,1985-05-21,9999-01-01
400046,Hilari,1965-01-12,1996-10-07,9999-01-01
400358,Angus,1965-01-31,1989-04-13,9999-01-01
400683,Kamakshi,1965-01-28,1995-08-05,9999-01-01
400780,Poornachandra,1965-01-09,1993-11-07,9999-01-01
400796,Bodo,1965-01-10,1996-05-30,9999-01-01
401154,Danae,1965-01-27,1987-05-20,9999-01-01
401278,Oguz,1965-01-16,1986-11-11,9999-01-01
401333,Martins,1965-01-30,1986-11-04,9999-01-01
401420,Florian,1965-01-06,1987-01-31,9999-01-01
401574,Yannik,1965-01-13,1988-01-15,9999-01-01
402025,Shigehito,1965-01-20,1987-09-20,9999-01-01
402102,Kersti,1965-01-21,1995-03-19,9999-01-01
402664,Subhada,1965-01-04,1987-01-25,9999-01-01
402718,Jeanna,1965-01-17,1990-02-14,9999-01-01
402827,Weidon,1965-01-28,2002-03-24,9999-01-01
403010,Toshimitsu,1965-01-16,1985-02-18,9999-01-01
403621,Deborah,1965-01-07,1988-06-04,9999-01-01
403644,Krisda,1965-01-19,1995-07-08,9999-01-01
403954,Jeanna,1965-01-10,1990-07-26,9999-01-01
404018,Valery,1965-01-11,1998-10-19,9999-01-01
404236,Zengping,1965-01-12,1988-07-22,9999-01-01
404462,Anestis,1965-01-09,1985-07-13,9999-01-01
404573,Eberhardt,1965-01-31,1997-07-05,9999-01-01
404755,Manu,1965-01-13,1991-04-20,9999-01-01
404788,Basem,1965-01-16,1998-03-16,9999-01-01
405015,Morris,1965-01-02,1988-06-29,9999-01-01
405063,Yechezkel,1965-01-26,2001-11-16,9999-01-01
406125,Georgi,1965-01-25,1987-09-27,9999-01-01
406239,Marek,1965-01-09,1995-05-15,9999-01-01
406564,Parviz,1965-01-25,1995-04-16,9999-01-01
406714,Malu,1965-02-01,1986-11-21,9999-01-01
406847,Alexius,1965-01-24,1999-10-05,9999-01-01
407522,Tommaso,1965-01-25,1996-08-29,9999-01-01
407837,Fei,1965-02-01,1988-04-02,9999-01-01
408019,Shridhar,1965-01-01,1986-03-22,9999-01-01
408114,Geoffrey,1965-01-05,1994-01-03,9999-01-01
408163,Irene,1965-01-21,2000-08-12,9999-01-01
408417,Tsz,1965-01-19,1994-09-28,9999-01-01
408437,Uno,1965-01-29,1994-09-22,9999-01-01
408447,Mayuri,1965-01-13,2001-02-20,9999-01-01
408654,Yongqiao,1965-01-09,1986-10-27,9999-01-01
408953,Jolita,1965-01-26,1993-12-24,9999-01-01
409391,Willard,1965-01-06,1999-02-28,9999-01-01
409798,Dekang,1965-01-15,1995-01-19,9999-01-01
409805,Frazer,1965-01-15,1999-03-05,9999-01-01
409898,Divier,1965-02-01,1989-09-22,9999-01-01
410028,Xiadong,1965-01-11,1985-09-17,9999-01-01
410372,Duri,1965-01-08,1990-03-04,9999-01-01
410433,Kazuhisa,1965-01-19,1992-10-06,9999-01-01
410616,Gudjon,1965-01-18,1994-04-14,9999-01-01
410804,Ronnie,1965-01-17,1992-06-08,9999-01-01
410881,Koichi,1965-01-06,2000-04-05,9999-01-01
411070,Otmar,1965-01-29,1987-05-28,9999-01-01
411082,Martine,1965-01-08,1992-04-28,9999-01-01
411143,Goncalo,1965-01-08,1996-09-01,9999-01-01
412404,Mitsuyuki,1965-01-15,1999-10-28,9999-01-01
412757,Leen,1965-01-03,1999-11-20,9999-01-01
413098,Hsiangchu,1965-01-26,1993-04-17,9999-01-01
413205,Mototsugu,1965-01-09,1988-06-12,9999-01-01
413666,Remco,1965-01-05,1988-04-18,9999-01-01
413729,Harjit,1965-01-02,1992-04-26,9999-01-01
413831,Mohamadou,1965-01-09,1991-11-25,9999-01-01
413832,Marco,1965-01-24,1995-03-28,9999-01-01
414027,Tadanori,1965-01-31,1993-02-20,9999-01-01
414091,Wuxu,1965-01-17,1997-08-19,9999-01-01
414543,Bernd,1965-01-03,1988-11-19,9999-01-01
414551,Elliott,1965-01-22,1994-09-13,9999-01-01
414662,Ipke,1965-01-21,1985-09-20,9999-01-01
414714,Chinho,1965-01-06,1996-11-07,9999-01-01
414814,Dayanand,1965-01-28,1999-02-28,9999-01-01
414897,Juyoung,1965-01-17,1989-11-03,9999-01-01
415187,Juyoung,1965-01-03,1998-09-01,9999-01-01
415338,Shigeo,1965-01-22,1995-12-24,9999-01-01
415363,Conal,1965-01-19,1995-02-23,9999-01-01
415563,Mrinalini,1965-01-21,1986-03-12,9999-01-01
416074,Alain,1965-01-08,1987-05-11,9999-01-01
416383,Nectarios,1965-01-29,1990-03-02,9999-01-01
416420,Adamantios,1965-01-22,1986-08-08,9999-01-01
416492,Kannan,1965-01-15,1992-08-12,9999-01-01
416660,Nathalie,1965-01-28,1987-09-16,9999-01-01
416720,Tokuyasu,1965-01-14,1991-09-19,9999-01-01
416877,Gio,1965-01-02,1988-12-07,9999-01-01
416892,Shooichi,1965-01-03,1996-08-16,9999-01-01
417435,Bouchung,1965-01-03,1999-01-29,9999-01-01
418239,Josyula,1965-01-03,1996-03-26,9999-01-01
418247,Oscar,1965-01-08,2002-07-27,9999-01-01
418298,Arvin,1965-01-08,1995-03-02,9999-01-01
418309,Danel,1965-01-24,1985-02-21,9999-01-01
418380,Kazuhiko,1965-01-02,1993-05-20,9999-01-01
418566,Kazuhide,1965-01-27,1996-06-14,9999-01-01
418606,Michaela,1965-01-11,1994-01-05,9999-01-01
418717,Arunachalam,1965-01-20,1987-12-23,9999-01-01
418860,Ymte,1965-02-01,1992-11-22,9999-01-01
419099,Heon,1965-01-15,1998-05-06,9999-01-01
419953,Ung,1965-01-29,1991-07-22,9999-01-01
420086,Susuma,1965-01-27,1985-05-28,9999-01-01
420476,Mariangiola,1965-01-28,1985-06-15,9999-01-01
420557,Mabhin,1965-01-06,1989-08-02,9999-01-01
420694,Frazer,1965-01-19,1986-11-04,9999-01-01
420732,Willard,1965-01-06,1996-05-27,9999-01-01
420759,Raimond,1965-01-04,1997-10-03,9999-01-01
420765,Shawna,1965-01-17,1990-03-09,9999-01-01
420877,Khosrow,1965-01-29,1990-02-11,9999-01-01
421022,Shigeaki,1965-01-26,1996-07-13,9999-01-01
421033,Garnik,1965-01-14,1989-12-23,9999-01-01
421074,Zhaofang,1965-01-07,1994-06-29,9999-01-01
421312,Mariangiola,1965-01-13,1999-09-18,9999-01-01
421384,Renny,1965-01-02,1987-06-01,9999-01-01
421755,Shichao,1965-01-03,1989-01-11,9999-01-01
422146,Kenton,1965-01-08,2002-03-13,9999-01-01
422783,Jagoda,1965-01-18,1995-09-01,9999-01-01
423038,Takushi,1965-01-20,1988-10-04,9999-01-01
423204,Uma,1965-01-08,1991-09-13,9999-01-01
423208,Joydip,1965-01-19,1995-02-08,9999-01-01
423214,Tsutomu,1965-01-31,1987-09-24,9999-01-01
423327,Constantijn,1965-01-27,1994-06-26,9999-01-01
423350,Heping,1965-01-04,1988-04-15,9999-01-01
423633,Mariusz,1965-01-30,1985-02-11,9999-01-01
423993,Seshu,1965-01-01,1988-12-09,9999-01-01
424569,Danco,1965-01-14,1997-10-30,9999-01-01
424584,Kagan,1965-02-01,1994-02-26,9999-01-01
424685,Changho,1965-01-10,1997-03-03,9999-01-01
424797,Theron,1965-01-19,1985-05-16,9999-01-01
424805,Jacqueline,1965-01-24,1987-12-17,9999-01-01
424930,Xuejun,1965-01-19,1988-11-18,9999-01-01
424984,Vasilis,1965-01-11,1996-05-26,9999-01-01
425437,Moni,1965-01-03,1999-03-23,9999-01-01
425535,Alagu,1965-01-18,1986-08-23,9999-01-01
425540,Paddy,1965-01-03,1995-11-12,9999-01-01
425757,Yongdong,1965-01-18,1995-01-31,9999-01-01
425780,Paris,1965-01-15,1989-10-25,9999-01-01
425830,Guther,1965-01-30,1999-02-13,9999-01-01
425875,Jahangir,1965-01-19,1990-06-11,9999-01-01
426153,Shahaf,1965-01-16,1999-04-06,9999-01-01
426168,Kaijung,1965-01-10,1987-11-18,9999-01-01
426228,Supot,1965-01-17,1996-08-17,9999-01-01
426235,Danco,1965-01-31,1991-03-29,9999-01-01
426644,Zejun,1965-01-13,1995-01-19,9999-01-01
426706,Karsten,1965-01-07,1994-03-15,9999-01-01
426795,Huican,1965-01-07,1986-07-23,9999-01-01
426818,Gaurav,1965-01-21,1992-02-15,9999-01-01
426819,Sandeepan,1965-01-13,1997-05-16,9999-01-01
426824,Gopalakrishnan,1965-01-25,1997-12-07,9999-01-01
426958,Weijing,1965-01-19,1985-10-03,9999-01-01
427313,Utpal,1965-01-31,1986-12-04,9999-01-01
427320,Mamdouh,1965-01-13,2000-01-13,9999-01-01
427332,Feiyu,1965-01-20,1995-06-04,9999-01-01
427571,Torsten,1965-01-20,1995-07-03,9999-01-01
427776,Jaques,1965-01-25,1989-04-04,9999-01-01
427805,Haldun,1965-01-21,1997-10-15,9999-01-01
427823,Jaques,1965-01-18,1999-07-13,9999-01-01
427852,Adil,1965-01-02,1992-07-20,9999-01-01
428082,Ronghao,1965-01-09,1991-09-11,9999-01-01
428160,Jamaludin,1965-01-12,1998-09-06,9999-01-01
428195,Hatsukazu,1965-01-11,1993-08-02,9999-01-01
428219,Ghassan,1965-01-21,1987-12-26,9999-01-01
428917,Theron,1965-01-23,1989-02-17,9999-01-01
429087,Hugh,1965-01-27,1992-10-15,9999-01-01
429231,Kazuyasu,1965-01-09,1985-09-07,9999-01-01
429238,Mona,1965-01-29,1989-05-11,9999-01-01
429249,Alassane,1965-01-28,1993-11-09,9999-01-01
429316,Seshu,1965-01-08,1994-08-10,9999-01-01
429381,Limsoon,1965-01-06,1986-11-26,9999-01-01
429481,Subhada,1965-01-09,1996-03-06,9999-01-01
429520,Yongqiao,1965-01-06,1999-12-01,9999-01-01
429532,Bartek,1965-01-25,1992-06-06,9999-01-01
429569,Fumiya,1965-01-03,1992-09-03,9999-01-01
429703,Ung,1965-01-06,1986-09-02,9999-01-01
429899,Ranan,1965-01-30,1999-08-13,9999-01-01
429954,Renny,1965-01-26,1999-02-27,9999-01-01
430054,Erzsebet,1965-01-22,1993-06-10,9999-01-01
430558,Xiong,1965-01-07,1988-03-01,9999-01-01
430593,Janalee,1965-01-19,1997-12-01,9999-01-01
430631,Kersti,1965-01-17,1994-02-19,9999-01-01
430891,Khalil,1965-01-06,1991-08-06,9999-01-01
431576,Masamitsu,1965-01-06,1993-04-12,9999-01-01
431657,Visit,1965-01-31,1986-11-14,9999-01-01
431882,Hideo,1965-01-21,1997-06-19,9999-01-01
431887,Poorav,1965-01-05,1996-06-01,9999-01-01
432031,Adamantios,1965-01-11,1987-03-01,9999-01-01
432034,Arfst,1965-01-24,1994-07-10,9999-01-01
432121,Alair,1965-01-06,1986-11-15,9999-01-01
432257,Kwangjo,1965-01-20,1998-12-22,9999-01-01
432261,Arve,1965-01-30,1987-07-28,9999-01-01
432399,Nitsan,1965-01-19,1993-09-29,9999-01-01
432523,Takahiro,1965-01-21,1997-07-21,9999-01-01
432665,Flemming,1965-01-02,1994-05-28,9999-01-01
432787,Toshiko,1965-01-16,1996-11-23,9999-01-01
432956,Qunsheng,1965-01-25,1986-05-13,9999-01-01
433059,Bojan,1965-01-02,1995-02-04,9999-01-01
433157,Tomofumi,1965-01-16,1999-10-23,9999-01-01
433260,Make,1965-02-01,1991-06-01,9999-01-01
433438,Keiichiro,1965-01-06,1993-09-12,9999-01-01
434845,Takushi,1965-01-11,1985-06-07,9999-01-01
434936,Sahrah,1965-01-15,1994-06-24,9999-01-01
435042,Brigham,1965-01-10,1995-10-09,9999-01-01
435060,Moie,1965-01-16,1996-07-12,9999-01-01
435181,Kazuhide,1965-01-16,1992-05-10,9999-01-01
435289,Feixiong,1965-01-04,1987-02-15,9999-01-01
435305,Berthier,1965-01-21,1993-01-23,9999-01-01
435370,Conal,1965-01-16,1991-05-17,9999-01-01
435588,Genta,1965-01-29,1994-04-12,9999-01-01
435602,Dietrich,1965-01-29,1992-10-04,9999-01-01
435774,Olivera,1965-01-09,1992-04-01,9999-01-01
435791,Hercules,1965-01-07,1994-03-07,9999-01-01
436558,Subir,1965-01-08,1992-05-24,9999-01-01
436797,Ohad,1965-01-24,1990-11-03,9999-01-01
436827,Wojceich,1965-01-30,1988-03-10,9999-01-01
436915,Feixiong,1965-01-13,1998-10-11,9999-01-01
437276,Dines,1965-01-17,1987-12-07,9999-01-01
437369,Kazuhide,1965-02-01,1995-01-25,9999-01-01
437395,Sumant,1965-01-21,1996-08-24,9999-01-01
437724,Erez,1965-01-17,1994-12-14,9999-01-01
437870,Kerhong,1965-01-07,2001-03-17,9999-01-01
438038,Lena,1965-01-01,2001-10-03,9999-01-01
438264,Rasikan,1965-01-19,1991-09-27,9999-01-01
438557,Lidong,1965-01-30,1999-09-16,9999-01-01
439377,Mari,1965-01-28,1997-07-04,9999-01-01
439905,Kousuke,1965-01-03,1990-03-16,9999-01-01
439924,Gunilla,1965-01-30,1994-08-14,9999-01-01
440325,Douadi,1965-01-10,1999-09-25,9999-01-01
440435,Sandeepan,1965-01-03,1991-11-26,9999-01-01
440450,Tzvetan,1965-01-16,1994-06-16,9999-01-01
440642,Snehasis,1965-01-14,1988-01-06,9999-01-01
440870,Filipp,1965-01-01,1996-10-14,9999-01-01
440937,Fabrizio,1965-01-18,1992-10-13,9999-01-01
441197,Miquel,1965-01-18,1985-06-28,9999-01-01
441536,Chinho,1965-01-10,1995-10-09,9999-01-01
441954,Leszek,1965-01-03,1999-06-13,9999-01-01
441965,Claudi,1965-01-12,1988-08-30,9999-01-01
442002,Ravishankar,1965-01-03,1992-03-17,9999-01-01
442096,Martijn,1965-01-15,1990-06-15,9999-01-01
442312,Zengping,1965-01-05,1991-06-07,9999-01-01
442490,Navid,1965-01-08,1994-10-17,9999-01-01
442653,Mona,1965-01-04,1995-10-20,9999-01-01
442700,Siddarth,1965-01-06,1997-08-11,9999-01-01
442898,Aksel,1965-01-07,1999-06-27,9999-01-01
443108,Christfried,1965-01-14,1998-11-29,9999-01-01
443485,Marke,1965-01-23,1990-04-14,9999-01-01
443841,Shaw,1965-01-08,1992-07-16,9999-01-01
443873,Vatsa,1965-01-20,2000-06-16,9999-01-01
444070,Heping,1965-01-15,1990-11-27,9999-01-01
444099,Kousuke,1965-01-28,1988-03-22,9999-01-01
444208,Irena,1965-01-27,1985-10-30,9999-01-01
444465,Prasadram,1965-01-13,1998-10-25,9999-01-01
444487,Udi,1965-01-03,1994-04-09,9999-01-01
444643,Berna,1965-01-18,1998-06-28,9999-01-01
445067,Eldridge,1965-01-28,1990-02-27,9999-01-01
445152,Heping,1965-01-09,1985-03-20,9999-01-01
445226,Oscar,1965-01-01,1987-01-22,9999-01-01
445570,Van,1965-01-25,1986-08-11,9999-01-01
445723,Gaurav,1965-01-31,1991-07-12,9999-01-01
445941,Masako,1965-01-11,1985-09-25,9999-01-01
445950,Ebru,1965-01-23,1992-12-09,9999-01-01
446121,Fay,1965-01-11,1999-12-13,9999-01-01
446306,Hercules,1965-01-22,1991-06-10,9999-01-01
446424,DAIDA,1965-01-16,1985-11-24,9999-01-01
446897,Takahiro,1965-01-22,1992-09-30,9999-01-01
446959,Aram,1965-01-29,1995-01-28,9999-01-01
447018,Dannz,1965-01-17,1992-12-04,9999-01-01
447135,Gennady,1965-01-31,1989-08-24,9999-01-01
447232,Aleksander,1965-01-22,2000-01-10,9999-01-01
447376,Kirk,1965-01-07,1999-12-10,9999-01-01
447544,Stabislas,1965-01-22,1989-02-19,9999-01-01
447613,Paris,1965-01-15,1986-11-21,9999-01-01
447877,Make,1965-01-13,1988-07-02,9999-01-01
447931,Martijn,1965-01-11,1990-12-14,9999-01-01
447966,Kamakshi,1965-01-05,1997-01-17,9999-01-01
447982,Shiv,1965-01-25,1990-12-17,9999-01-01
447999,Shiv,1965-01-05,1990-08-01,9999-01-01
448769,Mong,1965-01-18,1997-10-11,9999-01-01
448900,Mart,1965-01-16,1999-05-11,9999-01-01
448918,Chiradeep,1965-01-23,1989-10-06,9999-01-01
448994,Haldun,1965-01-12,1997-02-11,9999-01-01
449189,Jahangir,1965-01-30,1995-09-30,9999-01-01
449815,Fumitaka,1965-01-27,1988-04-20,9999-01-01
449984,Hinrich,1965-02-01,1985-11-20,9999-01-01
450184,Selwyn,1965-01-11,1993-03-09,9999-01-01
450255,Udo,1965-01-31,1986-06-14,9999-01-01
450309,Gill,1965-01-08,1986-12-25,9999-01-01
450475,Saeed,1965-01-21,1991-01-29,9999-01-01
450817,DAIDA,1965-01-10,1987-07-17,9999-01-01
450888,Sedat,1965-01-03,1995-03-25,9999-01-01
450934,Chanjung,1965-01-23,1992-05-25,9999-01-01
450936,Yuriy,1965-01-18,1991-12-11,9999-01-01
451253,Jaihie,1965-01-15,1991-06-21,9999-01-01
451272,Jacopo,1965-01-02,1991-04-24,9999-01-01
451275,Bedrich,1965-01-25,1986-06-07,9999-01-01
451333,Radhika,1965-01-15,1995-03-11,9999-01-01
452137,Subir,1965-01-15,1999-01-09,9999-01-01
452206,Arra,1965-01-22,1994-11-03,9999-01-01
452325,Taiji,1965-01-14,1996-12-02,9999-01-01
452347,Shigeichiro,1965-01-07,1996-07-13,9999-01-01
452365,Fei,1965-01-05,1988-11-13,9999-01-01
452956,Gou,1965-01-17,1990-11-07,9999-01-01
452957,Alair,1965-01-03,1996-02-10,9999-01-01
452982,Lobel,1965-01-29,1994-12-29,9999-01-01
453070,Aran,1965-01-06,1991-04-25,9999-01-01
453154,Gao,1965-01-03,1996-03-01,9999-01-01
453644,Berni,1965-01-07,1992-06-08,9999-01-01
453688,Chinya,1965-01-24,1995-10-28,9999-01-01
453723,Arne,1965-01-15,1985-12-13,9999-01-01
453760,Ewing,1965-01-13,1996-06-21,9999-01-01
453790,Fai,1965-01-11,1994-10-12,9999-01-01
453913,Stein,1965-01-23,1993-04-29,9999-01-01
454338,Mohammed,1965-01-24,1998-08-03,9999-01-01
454378,Gina,1965-01-06,1998-01-03,9999-01-01
454736,Nechama,1965-01-24,1995-06-05,9999-01-01
454791,Xiaoqiu,1965-01-22,1994-07-09,9999-01-01
454825,Kamakshi,1965-01-02,1995-05-25,9999-01-01
454994,Mohan,1965-01-01,1991-02-24,9999-01-01
455175,Soenke,1965-01-14,1992-02-22,9999-01-01
455284,Luisa,1965-01-09,1996-07-12,9999-01-01
455726,Qiwen,1965-01-08,1987-12-13,9999-01-01
455814,Giao,1965-01-28,1991-07-19,9999-01-01
455914,Peer,1965-01-01,1989-07-23,9999-01-01
456767,Tetsurou,1965-01-24,1987-07-17,9999-01-01
456982,Shounak,1965-01-07,1989-01-05,9999-01-01
457070,Gay,1965-01-25,1987-08-06,9999-01-01
457146,Jinpo,1965-01-20,1999-01-07,9999-01-01
457305,Sorina,1965-01-15,1994-09-03,9999-01-01
457337,Xumin,1965-01-31,1995-04-27,9999-01-01
457411,Xudong,1965-01-13,1988-04-18,9999-01-01
457489,Berna,1965-01-24,1985-05-14,9999-01-01
457611,Indrajit,1965-01-09,1998-09-18,9999-01-01
457776,Florian,1965-01-15,1987-12-21,9999-01-01
457813,Foong,1965-01-28,1992-01-24,9999-01-01
457832,Jackson,1965-02-01,1997-09-12,9999-01-01
457938,Arch,1965-01-14,1997-10-22,9999-01-01
458111,Florian,1965-01-23,1999-11-07,9999-01-01
458134,Thanasis,1965-01-11,1985-03-20,9999-01-01
458191,George,1965-01-28,1997-07-02,9999-01-01
458383,Mabhin,1965-01-06,1999-04-23,9999-01-01
458726,Shahaf,1965-01-13,1986-12-26,9999-01-01
458790,Ramya,1965-01-17,1988-11-19,9999-01-01
459172,Val,1965-01-19,1993-11-20,9999-01-01
459356,Pramod,1965-01-21,1998-12-25,9999-01-01
459429,Mohit,1965-01-14,1992-05-27,9999-01-01
459685,Hirochika,1965-02-01,1998-03-12,9999-01-01
460131,Adly,1965-01-16,1997-07-25,9999-01-01
460691,Munehiko,1965-01-16,1989-12-06,9999-01-01
460707,Yoshinari,1965-01-07,1996-12-25,9999-01-01
460920,Remzi,1965-01-22,1986-04-06,9999-01-01
461120,Shietung,1965-01-18,2001-04-01,9999-01-01
461270,Mrinalini,1965-01-10,1996-01-03,9999-01-01
461801,Sumali,1965-01-03,1993-04-18,9999-01-01
462493,Paloma,1965-01-12,1988-07-26,9999-01-01
462795,Somnath,1965-01-05,1994-07-10,9999-01-01
463023,Itzchak,1965-01-06,1999-01-21,9999-01-01
463099,Jinxi,1965-01-15,1990-09-21,9999-01-01
463212,Ramya,1965-01-09,2001-09-02,9999-01-01
463472,Jaber,1965-01-11,2000-06-11,9999-01-01
463495,Alenka,1965-01-28,1988-05-06,9999-01-01
464284,Huiqun,1965-01-20,1993-05-19,9999-01-01
464303,Abdelghani,1965-01-22,1986-08-02,9999-01-01
465062,Stafford,1965-01-29,1988-05-07,9999-01-01
465076,Tokuyasu,1965-01-19,1985-05-05,9999-01-01
465085,Vidar,1965-01-18,1996-03-18,9999-01-01
465409,Shahid,1965-01-30,1985-08-27,9999-01-01
465501,Mrinalini,1965-01-05,1992-11-09,9999-01-01
465711,Lakshmi,1965-01-06,1990-04-21,9999-01-01
465853,Kwan,1965-01-01,1998-10-16,9999-01-01
465874,Herb,1965-01-12,1985-05-31,9999-01-01
466064,Temple,1965-01-31,1994-06-13,9999-01-01
466367,Hiroyasu,1965-01-05,1989-06-05,9999-01-01
466509,Bezalel,1965-01-26,1988-03-22,9999-01-01
466603,Yechezkel,1965-01-23,1991-08-01,9999-01-01
466745,Boalin,1965-01-26,1995-10-16,9999-01-01
467176,Przemyslawa,1965-01-05,1993-06-18,9999-01-01
467269,Nahum,1965-01-18,1989-08-31,9999-01-01
467392,Mariusz,1965-01-07,1995-04-13,9999-01-01
467441,Margareta,1965-01-13,1988-11-07,9999-01-01
467591,Kiyotoshi,1965-01-17,2001-03-06,9999-01-01
467886,Sivanarayana,1965-01-02,1996-01-24,9999-01-01
467918,Tsuneo,1965-01-03,1997-10-21,9999-01-01
468360,Huei,1965-01-12,1994-08-10,9999-01-01
468417,Kamakshi,1965-01-25,1993-08-26,9999-01-01
468659,Ranga,1965-01-18,1989-11-05,9999-01-01
468773,Baziley,1965-01-27,1993-09-22,9999-01-01
469104,Nadjib,1965-01-21,1999-01-22,9999-01-01
469253,Baruch,1965-01-17,1993-09-17,9999-01-01
469269,Weiyi,1965-01-23,1989-05-27,9999-01-01
469366,Aiman,1965-01-12,1990-12-30,9999-01-01
469399,Hongzhu,1965-01-25,2000-06-06,9999-01-01
469527,Halsur,1965-01-24,1998-03-05,9999-01-01
469529,Neven,1965-01-07,1988-10-21,9999-01-01
469735,Arif,1965-01-30,1992-11-16,9999-01-01
469867,Hein,1965-01-23,1985-02-12,9999-01-01
470456,Reuven,1965-01-13,1986-03-29,9999-01-01
470472,Zhiguo,1965-02-01,1985-12-03,9999-01-01
471397,Nigel,1965-02-01,1999-07-23,9999-01-01
471532,Feiyu,1965-01-17,1998-09-13,9999-01-01
471552,Basem,1965-01-22,1997-10-25,9999-01-01
471911,Arun,1965-01-14,1990-05-31,9999-01-01
471939,Kazuhiko,1965-01-27,2001-06-04,9999-01-01
472052,Godehard,1965-01-26,1995-12-09,9999-01-01
472143,Yahiko,1965-01-25,1996-08-14,9999-01-01
472238,Jungsoon,1965-01-31,1990-10-09,9999-01-01
472790,Zhenbing,1965-01-23,1985-10-29,9999-01-01
472950,Weidon,1965-01-29,1986-03-27,9999-01-01
473268,Hugo,1965-01-01,1992-04-24,9999-01-01
473299,Khaled,1965-01-12,1992-05-19,9999-01-01
473490,Pantung,1965-01-06,1992-05-11,9999-01-01
473940,Avishai,1965-01-16,1998-01-10,9999-01-01
474331,Sugwoo,1965-01-29,1994-03-02,9999-01-01
474763,Mayuko,1965-01-07,1997-09-04,9999-01-01
474796,Zongyan,1965-01-10,1987-08-17,9999-01-01
475087,Genevieve,1965-01-31,1988-10-21,9999-01-01
475258,Fumiyo,1965-01-10,2000-02-12,9999-01-01
475538,Christophe,1965-01-15,1998-10-31,9999-01-01
475938,Shigeaki,1965-01-14,1989-02-17,9999-01-01
475965,Rimon,1965-01-02,1985-07-10,9999-01-01
476055,Girolamo,1965-01-03,1993-03-07,9999-01-01
476122,Khun,1965-01-04,1995-05-07,9999-01-01
476327,Reinhold,1965-01-31,1995-05-29,9999-01-01
476361,Doohun,1965-01-09,1993-04-28,9999-01-01
477350,Terresa,1965-01-01,1998-07-08,9999-01-01
477578,Marit,1965-01-23,1990-09-30,9999-01-01
477969,Bluma,1965-01-18,1991-10-18,9999-01-01
478007,Fumino,1965-01-06,1991-09-21,9999-01-01
478170,Doowon,1965-01-22,1995-04-13,9999-01-01
478218,Djenana,1965-01-02,1999-12-03,9999-01-01
478439,Yuichiro,1965-01-15,1997-11-04,9999-01-01
478768,Arun,1965-01-03,1991-10-28,9999-01-01
478799,Shaw,1965-01-18,1991-05-11,9999-01-01
478833,Pradeep,1965-01-30,1992-09-19,9999-01-01
478858,Hidekazu,1965-01-20,1999-11-08,9999-01-01
479024,Ewing,1965-01-03,1996-12-21,9999-01-01
479407,Randi,1965-01-18,1986-11-25,9999-01-01
479601,Kayoko,1965-01-19,1997-02-19,9999-01-01
479695,Masamitsu,1965-01-06,1999-06-23,9999-01-01
480035,Sukumar,1965-01-26,1990-08-26,9999-01-01
480066,Suebskul,1965-01-31,1994-07-26,9999-01-01
480178,Uinam,1965-01-03,1991-02-10,9999-01-01
480268,Gaurav,1965-01-18,1989-03-30,9999-01-01
480407,Deniz,1965-01-01,1989-06-24,9999-01-01
481050,Weiru,1965-01-16,1990-10-15,9999-01-01
481213,Shigehiro,1965-01-08,1991-12-14,9999-01-01
481397,Luisa,1965-01-31,1998-08-13,9999-01-01
481764,Teiji,1965-01-27,1986-08-26,9999-01-01
481790,Haldun,1965-01-22,1999-01-01,9999-01-01
482335,Kwangyoen,1965-01-26,1994-01-16,9999-01-01
482354,Jayson,1965-01-23,1999-11-06,9999-01-01
482755,Jouni,1965-01-03,1994-10-31,9999-01-01
482885,Shaunak,1965-01-29,1988-09-02,9999-01-01
482905,Aral,1965-01-16,1991-09-10,9999-01-01
482944,Duke,1965-01-26,1991-10-26,9999-01-01
483401,Rosita,1965-01-10,1996-08-03,9999-01-01
483675,Hausi,1965-01-22,1988-02-16,9999-01-01
483825,Marek,1965-01-22,1992-11-20,9999-01-01
483838,Sham,1965-01-03,1997-12-18,9999-01-01
483978,Dung,1965-01-24,1990-01-28,9999-01-01
484126,Manton,1965-01-05,1989-04-07,9999-01-01
484142,Perry,1965-01-05,1987-04-23,9999-01-01
484498,Herbert,1965-01-26,1996-08-22,9999-01-01
484756,Phule,1965-01-16,1990-08-09,9999-01-01
485253,Gladys,1965-01-14,1996-07-20,9999-01-01
485489,Keiichiro,1965-01-01,1986-12-14,9999-01-01
485577,Rafael,1965-01-30,1997-04-27,9999-01-01
485579,Munehiro,1965-01-18,1986-12-16,9999-01-01
485799,Yoshimitsu,1965-01-27,1997-11-22,9999-01-01
485817,Mahmut,1965-01-29,1997-02-21,9999-01-01
486068,Yefim,1965-01-11,1996-06-26,9999-01-01
486808,Geoffrey,1965-01-05,1998-12-27,9999-01-01
486918,Yagil,1965-01-18,1994-11-01,9999-01-01
486956,Matt,1965-01-01,1993-10-14,9999-01-01
486958,Tonny,1965-01-06,1986-07-30,9999-01-01
487008,Zhigen,1965-01-22,1993-05-26,9999-01-01
487505,Uno,1965-01-20,1987-11-02,9999-01-01
487988,Ekawit,1965-01-05,1990-05-20,9999-01-01
488095,Francoise,1965-01-24,1997-12-23,9999-01-01
488142,Denis,1965-01-05,1991-07-01,9999-01-01
488482,Kensyu,1965-01-30,1999-12-05,9999-01-01
488540,Breannda,1965-01-22,1996-04-12,9999-01-01
488619,Georgy,1965-01-25,1998-04-11,9999-01-01
488693,Jiong,1965-01-27,1993-03-10,9999-01-01
488707,Mihalis,1965-01-16,1990-03-01,9999-01-01
488752,Nimmagadda,1965-01-23,1994-02-09,9999-01-01
488788,Wuxu,1965-01-12,1990-09-21,9999-01-01
488984,Kendra,1965-01-18,1992-11-12,9999-01-01
489755,Matk,1965-01-14,1999-12-04,9999-01-01
489756,Kersti,1965-01-01,1992-06-09,9999-01-01
489928,Satoru,1965-01-28,1997-07-26,9999-01-01
490551,Lalit,1965-01-01,1998-11-07,9999-01-01
490557,Luise,1965-01-27,1994-07-01,9999-01-01
490568,Zita,1965-01-01,1998-07-23,9999-01-01
490720,Younwoo,1965-01-19,2002-05-18,9999-01-01
491079,Kwangsub,1965-01-06,1992-02-04,9999-01-01
491162,Panayotis,1965-01-14,1994-08-29,9999-01-01
491478,Gill,1965-01-16,1988-06-18,9999-01-01
491596,Charmane,1965-01-21,1992-08-03,9999-01-01
491632,Gadiel,1965-01-01,1986-10-20,9999-01-01
492000,Valeska,1965-01-10,1993-12-16,9999-01-01
492052,Udo,1965-01-11,1999-11-30,9999-01-01
492217,Heekeun,1965-01-16,1991-09-28,9999-01-01
492639,Sanjoy,1965-01-30,1997-07-10,9999-01-01
492677,Goetz,1965-01-26,1988-02-05,9999-01-01
493031,Hironoby,1965-01-23,1991-07-30,9999-01-01
493048,Muzhong,1965-01-31,1995-01-23,9999-01-01
493096,Sachem,1965-01-31,1995-04-07,9999-01-01
493744,Leni,1965-01-14,1997-07-17,9999-01-01
494019,Morrie,1965-01-16,1991-05-06,9999-01-01
494088,Phule,1965-01-10,1989-02-06,9999-01-01
494493,Masasuke,1965-01-10,1996-11-20,9999-01-01
494995,Yongmao,1965-01-04,1989-08-24,9999-01-01
496100,Pranjal,1965-01-07,1995-05-08,9999-01-01
496970,Giordano,1965-01-03,1999-12-31,9999-01-01
496978,Danco,1965-01-30,1993-09-10,9999-01-01
497007,Oldrich,1965-01-23,1998-08-09,9999-01-01
497174,Sanjiv,1965-01-02,1993-04-27,9999-01-01
497340,Fayez,1965-01-06,1990-09-19,9999-01-01
497391,Paris,1965-01-30,1999-05-19,9999-01-01
497835,Shuho,1965-01-29,1999-10-06,9999-01-01
498185,Caolyn,1965-01-19,1999-06-06,9999-01-01
498337,Naraig,1965-01-30,1997-05-17,9999-01-01
498456,Geraldo,1965-01-17,1987-06-05,9999-01-01
498635,Florian,1965-01-09,1988-07-22,9999-01-01
498838,Sanjay,1965-01-16,1989-12-13,9999-01-01
498845,Arumugam,1965-01-09,1999-11-13,9999-01-01
498955,Nechama,1965-01-13,1995-01-16,9999-01-01
499194,Padma,1965-01-29,1999-08-27,9999-01-01
499260,Danae,1965-01-11,1998-09-14,9999-01-01
499495,Baoqiu,1965-01-14,1999-08-30,9999-01-01
